facility_id,facility_type,cleaning_frequency_per_day,handwash_stations,staff_trained_pct,waste_disposal_score,water_quality_score,pest_sightings,temperature_c,humidity_pct,daily_footfall,days_since_last_inspection,previous_violations,high_risk
F-1000,Hotel,4,0,,6,10.0,1,26.0,51.4,117.0,296,0,0
F-1001,Hospital,3,8,63.3,3,10.0,1,20.1,59.1,209.0,350,3,1
F-1002,Office,1,0,65.3,9,6.0,0,25.1,55.7,86.0,7,3,0
F-1003,School,1,6,85.0,6,9.0,1,26.6,56.0,248.0,176,1,0
F-1004,Restaurant,3,11,95.1,3,9.0,0,28.7,74.2,352.0,321,1,1
F-1005,Office,0,9,79.6,10,10.0,0,26.0,85.8,293.0,50,1,0
F-1006,Hotel,3,6,100.0,9,4.0,0,25.3,56.2,285.0,144,4,0
F-1007,Hotel,0,3,79.0,4,7.0,0,27.8,44.1,54.0,221,1,1
F-1008,Restaurant,2,10,75.4,2,9.0,3,22.8,57.2,509.0,37,1,0
F-1009,Hospital,4,10,74.3,3,3.0,1,25.6,62.3,67.0,366,2,0
F-1010,Hospital,3,4,46.9,4,3.0,3,21.5,59.4,180.0,150,2,1
F-1011,Office,2,1,87.2,5,4.0,1,28.4,67.3,309.0,314,2,0
F-1012,School,7,6,26.0,9,,1,17.6,86.5,257.0,173,3,1
F-1013,Hotel,2,7,59.4,10,8.0,3,27.3,39.4,82.0,163,3,1
F-1014,Hospital,2,11,70.4,8,10.0,5,24.1,53.9,93.0,386,1,1
F-1015,Restaurant,5,10,55.8,9,2.0,1,,78.5,245.0,342,1,1
F-1016,School,1,2,61.9,2,4.0,2,20.9,53.7,286.0,208,2,1
F-1017,Restaurant,3,3,100.0,2,10.0,0,24.4,69.5,92.0,188,3,1
F-1018,Hotel,4,11,89.9,10,6.0,1,24.2,67.6,264.0,313,2,0
F-1019,School,4,3,57.7,7,3.0,2,25.7,,69.0,275,3,0
F-1020,Hotel,3,5,61.5,3,7.0,1,19.8,83.0,310.0,391,1,1
F-1021,Hospital,1,3,47.0,8,9.0,1,26.5,64.0,108.0,136,1,1
F-1022,Office,3,4,82.7,2,4.0,1,16.6,39.1,212.0,49,0,0
F-1023,Office,3,6,65.5,8,5.0,1,21.3,51.6,188.0,81,2,0
F-1024,Hotel,5,3,34.6,9,7.0,1,17.7,86.2,451.0,213,1,1
F-1025,Restaurant,2,4,71.8,5,9.0,1,27.3,43.0,237.0,128,0,1
F-1026,Hospital,2,4,77.9,7,6.0,0,25.6,66.0,132.0,324,1,0
F-1027,Restaurant,4,1,87.3,8,10.0,1,25.8,29.8,258.0,350,3,1
F-1028,Restaurant,4,9,68.7,9,8.0,3,29.9,,898.0,78,3,0
F-1029,School,2,10,63.3,6,5.0,1,22.7,70.6,336.0,395,0,1
F-1030,Hotel,1,5,100.0,3,5.0,1,26.4,60.4,192.0,254,0,0
F-1031,Office,2,2,70.1,3,7.0,4,24.3,55.5,112.0,109,2,1
F-1032,Restaurant,1,7,83.0,4,1.0,0,23.7,50.2,130.0,84,0,0
F-1033,Hospital,1,6,60.3,1,3.0,2,29.2,36.0,322.0,70,2,1
F-1034,Hospital,2,6,82.4,7,3.0,2,32.3,68.3,108.0,191,3,1
F-1035,Restaurant,2,7,43.8,4,,0,22.3,56.6,201.0,33,3,0
F-1036,Restaurant,1,8,61.7,8,9.0,1,85.0,41.7,548.0,56,3,1
F-1037,Hospital,5,0,48.3,1,9.0,1,25.3,60.4,223.0,302,0,1
F-1038,Restaurant,6,1,59.1,4,,2,25.3,67.0,94.0,198,1,1
F-1039,School,3,1,92.5,4,3.0,1,25.0,57.6,920.0,213,2,1
F-1040,Hospital,3,1,59.0,1,4.0,1,22.7,61.4,688.0,133,1,1
F-1041,Hotel,0,11,82.9,9,1.0,1,9.7,,285.0,224,0,0
F-1042,Hotel,4,8,,6,3.0,1,,51.5,489.0,140,0,0
F-1043,Restaurant,2,7,69.5,9,,4,21.2,60.7,166.0,22,1,1
F-1044,Hotel,2,8,87.9,9,9.0,5,23.0,68.8,333.0,229,4,1
F-1045,Hotel,4,0,79.6,1,2.0,0,23.1,72.4,149.0,37,3,1
F-1046,Hospital,3,2,72.1,9,9.0,2,20.9,69.5,78.0,277,0,0
F-1047,Restaurant,2,9,83.5,1,9.0,2,25.0,51.9,1229.0,366,0,1
F-1048,School,3,5,100.0,9,2.0,1,23.8,67.6,75.0,268,1,0
F-1049,Restaurant,5,6,58.5,7,3.0,1,21.1,65.6,247.0,232,1,1
F-1050,Restaurant,3,9,52.7,9,5.0,1,24.6,51.5,245.0,385,1,0
F-1051,Restaurant,3,0,51.7,5,10.0,2,23.9,54.4,287.0,91,1,1
F-1052,Hotel,1,9,87.9,2,8.0,2,27.7,68.2,188.0,310,3,1
F-1053,School,2,8,90.3,2,10.0,0,18.6,76.5,190.0,86,3,1
F-1054,Hotel,2,4,60.3,2,4.0,1,20.8,38.3,221.0,5,3,1
F-1055,Hotel,4,5,31.6,9,10.0,1,26.9,79.7,280.0,100,2,1
F-1056,Hospital,2,0,57.9,6,10.0,1,21.4,74.0,200.0,203,1,1
F-1057,School,2,2,79.9,3,6.0,0,20.4,62.4,191.0,30,1,0
F-1058,Restaurant,3,2,68.8,2,2.0,1,21.6,57.1,79.0,115,6,1
F-1059,Restaurant,3,10,73.2,1,3.0,1,23.6,64.7,820.0,24,1,0
F-1060,School,3,1,60.6,3,2.0,1,23.6,52.3,291.0,101,2,1
F-1061,Hospital,3,3,88.3,8,9.0,4,23.2,57.9,232.0,289,0,1
F-1062,School,0,1,76.2,9,4.0,1,19.9,42.3,129.0,65,1,0
F-1063,Hotel,3,3,80.6,7,8.0,1,27.1,39.1,99.0,109,1,0
F-1064,School,4,0,72.9,10,3.0,1,29.3,88.0,366.0,58,4,1
F-1065,School,3,3,79.4,4,10.0,1,16.4,60.8,179.0,156,0,1
F-1066,School,2,8,78.3,4,8.0,1,17.8,62.4,309.0,305,1,0
F-1067,Restaurant,2,9,53.3,7,4.0,2,28.0,59.6,78.0,217,2,1
F-1068,Restaurant,4,4,76.7,2,5.0,3,30.3,50.1,592.0,84,2,1
F-1069,Hospital,5,8,,10,1.0,1,15.5,56.3,377.0,131,3,0
F-1070,Restaurant,4,7,90.8,8,2.0,2,27.3,61.1,189.0,269,2,0
F-1071,Hospital,3,10,77.5,1,10.0,0,30.6,57.6,278.0,194,4,0
F-1072,Office,7,9,52.6,2,9.0,1,20.6,,337.0,186,1,0
F-1073,Restaurant,4,2,55.4,7,9.0,2,30.3,65.8,79.0,346,1,1
F-1074,Restaurant,2,7,62.2,8,7.0,1,23.3,62.3,648.0,328,0,0
F-1075,Restaurant,1,9,73.4,3,3.0,0,25.3,64.7,281.0,101,2,0
F-1076,Restaurant,3,3,67.8,8,2.0,2,21.1,68.5,122.0,283,4,1
F-1077,School,4,6,49.8,5,8.0,2,28.0,58.0,93.0,317,0,1
F-1078,School,0,4,49.7,7,4.0,1,27.3,58.0,400.0,360,3,1
F-1079,Hotel,1,3,32.2,5,1.0,0,30.9,77.8,232.0,109,1,1
F-1080,School,0,2,13.8,5,1.0,2,29.8,48.7,281.0,292,0,1
F-1081,Hospital,6,0,67.6,4,6.0,1,24.0,37.5,204.0,78,3,0
F-1082,Hotel,5,8,100.0,2,9.0,1,36.4,66.7,99.0,180,1,0
F-1083,Restaurant,2,9,100.0,2,4.0,0,29.4,52.4,286.0,33,1,1
F-1084,Restaurant,2,7,52.4,2,10.0,2,26.2,,174.0,243,3,1
F-1085,Restaurant,2,2,,9,4.0,1,20.0,70.6,197.0,275,2,1
F-1086,Hotel,1,0,43.6,5,8.0,2,17.9,58.3,1058.0,181,4,1
F-1087,Hospital,1,7,46.4,4,,2,18.2,44.8,368.0,167,1,1
F-1088,Restaurant,2,2,48.4,9,7.0,1,20.3,83.2,383.0,100,2,1
F-1089,School,5,6,65.9,9,3.0,0,29.5,40.7,1345.0,309,2,1
F-1090,Restaurant,5,11,66.7,3,8.0,0,25.9,59.0,262.0,364,2,0
F-1091,School,1,0,74.5,4,5.0,0,21.5,37.3,218.0,57,0,1
F-1092,Hospital,3,6,81.9,5,1.0,1,23.5,63.2,125.0,113,3,1
F-1093,Hospital,3,11,63.9,9,,1,23.0,52.3,146.0,243,0,1
F-1094,Restaurant,1,4,70.7,7,4.0,0,27.2,69.8,48.0,149,1,0
F-1095,School,3,9,50.3,6,5.0,1,20.5,59.8,348.0,10,2,1
F-1096,Hospital,3,9,45.8,3,3.0,1,25.4,76.2,83.0,13,4,1
F-1097,Restaurant,1,5,,4,6.0,1,25.2,54.8,377.0,97,3,1
F-1098,Restaurant,5,3,81.7,1,,1,20.6,40.7,194.0,387,2,1
F-1099,Office,3,8,63.9,8,8.0,1,30.4,62.9,219.0,245,1,0
F-1100,Office,2,7,36.3,10,4.0,0,22.8,57.0,194.0,105,1,0
F-1101,School,3,5,68.9,8,7.0,1,20.0,38.2,529.0,27,1,0
F-1102,Restaurant,3,2,47.5,4,10.0,2,27.4,,467.0,303,1,0
F-1103,Office,0,8,99.9,5,,2,24.2,51.2,196.0,154,1,0
F-1104,Hotel,0,2,59.6,10,3.0,0,25.6,78.7,107.0,160,2,1
F-1105,Hotel,2,1,82.3,5,1.0,1,19.3,68.5,382.0,226,1,1
F-1106,Hospital,2,0,89.6,9,9.0,0,27.2,55.8,101.0,95,1,0
F-1107,Restaurant,2,5,52.8,6,9.0,0,32.7,65.7,67.0,292,3,1
F-1108,Restaurant,3,1,71.4,5,5.0,1,18.9,35.5,284.0,128,1,0
F-1109,Office,2,4,80.0,6,9.0,1,25.4,53.2,470.0,283,1,1
F-1110,Hospital,6,2,72.1,3,7.0,2,85.0,64.8,151.0,209,0,0
F-1111,Restaurant,5,5,76.5,5,10.0,0,34.8,62.0,266.0,63,0,0
F-1112,Restaurant,2,9,46.1,4,,1,29.0,53.5,150.0,251,3,1
F-1113,School,1,5,80.0,8,10.0,1,25.1,59.5,332.0,34,2,0
F-1114,Restaurant,2,6,61.2,7,4.0,1,19.1,64.1,431.0,287,1,1
F-1115,Office,3,1,76.3,4,7.0,3,20.1,59.9,167.0,153,2,1
F-1116,Hotel,1,1,86.6,9,2.0,2,27.0,70.3,98.0,269,1,1
F-1117,Hotel,6,11,,5,9.0,2,18.6,63.8,72.0,100,0,0
F-1118,Hospital,6,7,76.3,10,4.0,1,18.7,66.1,383.0,165,1,0
F-1119,School,3,0,81.6,7,5.0,1,24.0,80.6,90.0,125,1,0
F-1120,School,0,6,82.4,9,6.0,1,24.5,69.9,260.0,104,1,0
F-1121,School,5,0,96.9,10,8.0,2,25.5,80.9,345.0,140,1,0
F-1122,Restaurant,4,0,69.4,4,8.0,1,22.2,51.9,141.0,26,2,0
F-1123,Hospital,4,4,73.0,3,10.0,1,27.7,40.9,178.0,161,1,0
F-1124,Restaurant,4,7,86.8,9,8.0,0,20.6,58.3,403.0,53,1,0
F-1125,Hospital,5,7,61.2,3,8.0,3,26.5,57.3,114.0,209,3,1
F-1126,Restaurant,1,9,46.0,8,6.0,1,24.9,77.5,106.0,40,0,1
F-1127,Restaurant,1,2,78.9,2,5.0,3,26.4,46.4,170.0,8,1,0
F-1128,Restaurant,3,2,66.3,9,10.0,0,,59.1,490.0,178,2,0
F-1129,School,1,6,48.3,7,4.0,2,22.2,64.9,619.0,122,1,1
F-1130,Restaurant,4,10,79.0,6,7.0,4,21.4,61.2,187.0,351,3,1
F-1131,Office,3,8,95.8,5,3.0,1,17.2,57.9,122.0,109,1,0
F-1132,School,5,8,40.7,7,,1,15.9,64.3,422.0,162,2,1
F-1133,Restaurant,1,1,88.4,4,4.0,1,23.3,72.9,62.0,98,1,1
F-1134,School,4,10,24.3,4,3.0,0,23.6,78.4,238.0,356,2,1
F-1135,Restaurant,6,11,62.8,3,9.0,0,19.7,60.4,194.0,316,1,0
F-1136,Office,1,6,100.0,2,8.0,1,20.5,,496.0,72,2,1
F-1137,Hospital,2,4,64.1,9,8.0,0,30.1,78.4,532.0,104,4,1
F-1138,Hotel,2,7,,8,1.0,0,27.5,,104.0,78,3,1
F-1139,Restaurant,4,7,83.7,5,3.0,1,19.0,81.5,225.0,64,1,0
F-1140,Hospital,7,11,39.1,9,3.0,1,22.2,76.1,134.0,100,2,0
F-1141,Hospital,4,1,71.3,7,8.0,0,25.6,,163.0,341,3,1
F-1142,Office,3,6,71.2,6,9.0,0,21.5,68.2,309.0,186,1,0
F-1143,School,2,8,100.0,2,4.0,1,20.8,34.7,158.0,156,0,0
F-1144,Hospital,3,4,47.8,6,4.0,0,22.6,,229.0,80,1,0
F-1145,Restaurant,4,10,63.1,2,6.0,0,28.4,63.7,392.0,77,1,0
F-1146,Restaurant,1,0,53.3,7,10.0,1,28.7,51.9,579.0,224,3,1
F-1147,School,2,1,51.4,1,4.0,0,21.1,56.2,245.0,301,2,1
F-1148,Hospital,5,9,90.3,6,3.0,3,25.8,67.4,218.0,225,1,1
F-1149,Restaurant,0,1,70.5,4,6.0,4,24.0,58.0,92.0,264,3,1
F-1150,Hotel,3,5,60.0,2,10.0,2,20.0,45.4,608.0,108,3,1
F-1151,Office,7,3,60.7,5,8.0,0,22.8,70.6,283.0,378,0,0
F-1152,Restaurant,1,8,59.9,3,6.0,1,18.9,66.2,220.0,329,0,1
F-1153,School,2,0,61.5,3,8.0,2,28.7,57.0,213.0,351,0,1
F-1154,Restaurant,0,4,47.2,9,1.0,0,30.2,68.5,258.0,268,2,1
F-1155,School,2,11,65.3,4,8.0,3,22.4,61.1,344.0,279,5,1
F-1156,Restaurant,5,4,63.5,5,1.0,0,21.4,76.0,375.0,32,2,1
F-1157,School,2,7,56.4,1,4.0,0,28.2,61.8,619.0,68,0,1
F-1158,Hotel,5,11,72.8,4,4.0,0,28.9,75.9,237.0,57,3,0
F-1159,Hotel,1,7,74.3,4,7.0,1,19.5,37.5,684.0,195,2,1
F-1160,Restaurant,2,9,60.0,8,3.0,0,23.4,65.5,420.0,237,2,0
F-1161,Office,6,11,67.4,2,3.0,1,23.8,55.2,192.0,51,5,1
F-1162,Restaurant,7,7,100.0,10,9.0,0,20.9,49.7,62.0,301,0,0
F-1163,Restaurant,4,9,100.0,2,5.0,1,25.5,,213.0,222,3,1
F-1164,School,2,6,51.0,7,8.0,2,21.2,70.7,596.0,240,1,0
F-1165,Hospital,5,9,53.5,1,6.0,2,21.8,35.9,116.0,367,0,1
F-1166,Hotel,2,7,50.9,9,7.0,2,23.6,68.6,212.0,235,1,1
F-1167,Hotel,7,4,89.0,7,7.0,1,18.0,67.1,225.0,6,3,1
F-1168,Restaurant,8,6,62.8,9,7.0,1,15.8,51.3,387.0,308,1,0
F-1169,Office,2,4,74.3,10,10.0,2,27.7,50.0,153.0,351,2,0
F-1170,Restaurant,3,4,100.0,9,8.0,0,21.0,40.9,109.0,37,0,0
F-1171,School,3,3,69.8,7,4.0,1,32.5,55.9,299.0,218,2,0
F-1172,Restaurant,4,5,82.7,9,2.0,0,31.9,57.9,119.0,190,4,0
F-1173,Office,5,4,,1,9.0,0,22.0,69.6,55.0,64,2,0
F-1174,Restaurant,3,7,59.4,7,4.0,1,33.4,63.2,727.0,114,1,0
F-1175,Restaurant,3,4,89.1,10,4.0,2,27.8,47.3,383.0,343,0,1
F-1176,Hospital,4,5,54.7,4,2.0,1,21.4,62.9,749.0,159,0,0
F-1177,Office,5,1,94.1,10,6.0,0,13.7,57.0,369.0,217,4,0
F-1178,Office,4,4,59.4,6,6.0,1,26.8,48.8,323.0,311,1,0
F-1179,Hotel,5,4,61.4,5,9.0,2,24.1,40.9,259.0,182,3,0
F-1180,Office,3,11,50.4,4,8.0,2,25.7,67.5,176.0,357,0,0
F-1181,Office,2,5,53.4,2,8.0,2,23.1,65.4,287.0,202,1,1
F-1182,School,2,0,62.3,9,6.0,1,19.4,66.7,136.0,394,2,1
F-1183,Restaurant,4,3,26.2,8,9.0,0,22.3,51.3,95.0,63,0,0
F-1184,Hotel,3,8,65.8,5,10.0,0,26.8,62.1,159.0,355,3,1
F-1185,School,2,1,60.9,10,9.0,3,22.6,43.5,495.0,49,3,1
F-1186,Hospital,3,1,84.2,2,4.0,1,22.6,48.2,85.0,326,3,1
F-1187,Restaurant,2,4,77.6,8,3.0,1,17.9,60.4,85.0,266,2,1
F-1188,Hotel,2,4,57.3,5,1.0,0,24.4,63.1,303.0,226,1,0
F-1189,Restaurant,3,5,61.7,7,10.0,2,,40.5,150.0,352,0,0
F-1190,Office,2,0,65.8,1,8.0,4,27.7,47.3,281.0,258,0,1
F-1191,Restaurant,1,8,96.7,7,10.0,0,21.1,55.6,401.0,279,1,0
F-1192,Restaurant,3,2,55.2,7,8.0,0,22.8,71.5,277.0,302,3,0
F-1193,Hotel,8,8,57.0,10,5.0,1,32.7,50.2,129.0,337,2,0
F-1194,Restaurant,1,6,49.7,4,,2,22.8,61.7,492.0,96,3,1
F-1195,Restaurant,5,2,43.3,1,1.0,2,22.2,62.9,337.0,338,4,1
F-1196,School,2,5,75.5,1,8.0,2,26.3,57.0,204.0,237,3,1
F-1197,Office,4,0,73.7,2,4.0,0,16.9,63.2,197.0,17,3,0
F-1198,Restaurant,1,8,93.1,3,4.0,2,29.0,43.9,260.0,367,3,1
F-1199,Restaurant,2,3,88.7,9,9.0,1,28.0,52.1,161.0,309,2,0
F-1200,Hotel,5,4,100.0,2,5.0,0,26.1,77.2,64.0,357,2,0
F-1201,Office,2,1,68.7,2,,1,10.5,78.1,339.0,309,1,1
F-1202,School,8,4,65.3,1,6.0,1,23.0,70.1,325.0,141,2,0
F-1203,Restaurant,1,4,46.6,4,9.0,2,18.9,73.2,40.0,143,2,1
F-1204,Restaurant,1,2,82.5,7,2.0,2,28.5,38.1,286.0,114,2,1
F-1205,Restaurant,2,11,72.1,3,4.0,1,28.2,48.6,685.0,166,2,1
F-1206,Restaurant,1,3,81.7,5,2.0,0,25.6,56.3,91.0,18,0,0
F-1207,School,2,2,49.5,3,1.0,1,19.2,89.0,190.0,299,0,1
F-1208,Restaurant,0,6,76.3,9,10.0,3,,56.2,176.0,302,4,1
F-1209,School,3,3,73.7,1,6.0,0,23.0,68.9,641.0,394,3,1
F-1210,School,3,5,72.5,3,4.0,1,31.2,64.5,439.0,222,2,1
F-1211,School,6,8,57.7,6,4.0,4,25.1,64.3,108.0,395,3,1
F-1212,Restaurant,2,0,91.4,9,3.0,0,26.0,59.7,255.0,87,1,0
F-1213,Hotel,5,6,100.0,5,2.0,2,22.2,45.6,1004.0,192,3,0
F-1214,Hotel,0,0,50.0,1,10.0,0,29.6,27.6,129.0,314,1,1
F-1215,Hotel,3,0,83.0,6,2.0,1,26.4,75.4,199.0,316,1,1
F-1216,Restaurant,2,1,18.2,3,4.0,1,29.8,52.6,287.0,310,1,1
F-1217,Restaurant,1,1,82.0,4,2.0,1,24.7,37.6,131.0,189,1,0
F-1218,Office,4,4,36.3,10,10.0,2,23.8,65.3,688.0,33,0,0
F-1219,Hospital,6,11,60.6,10,3.0,5,26.4,65.0,144.0,347,4,1
F-1220,Restaurant,2,10,,3,4.0,1,29.8,69.2,76.0,155,3,1
F-1221,Hospital,2,1,66.1,6,8.0,2,28.1,73.4,139.0,261,2,1
F-1222,School,2,11,85.1,6,,1,24.6,49.0,316.0,57,0,0
F-1223,Office,2,7,36.6,10,4.0,1,16.6,49.5,115.0,374,2,0
F-1224,Restaurant,1,6,63.5,10,6.0,2,27.2,56.2,248.0,106,2,1
F-1225,Office,2,9,60.8,4,5.0,2,18.2,69.9,297.0,398,4,1
F-1226,Restaurant,1,5,98.5,1,3.0,1,24.1,34.8,86.0,287,2,1
F-1227,School,1,3,77.8,1,6.0,1,23.5,61.5,135.0,135,1,1
F-1228,School,3,6,48.8,1,4.0,0,18.3,71.2,256.0,150,2,0
F-1229,Restaurant,0,8,61.5,8,10.0,2,25.5,70.7,328.0,391,2,1
F-1230,Restaurant,2,8,98.0,8,5.0,1,,68.5,137.0,239,1,1
F-1231,Hospital,5,2,,9,8.0,2,22.7,72.8,223.0,278,1,0
F-1232,Office,4,11,53.5,2,3.0,0,27.1,27.0,164.0,246,2,0
F-1233,School,4,3,65.2,1,7.0,1,33.4,79.4,333.0,99,0,1
F-1234,Office,3,9,65.8,2,6.0,1,27.5,64.0,288.0,57,4,0
F-1235,Hotel,3,3,60.3,7,8.0,0,21.4,76.0,154.0,6,0,0
F-1236,Hospital,2,0,39.2,1,5.0,0,24.9,45.9,280.0,164,0,1
F-1237,Hotel,1,11,57.8,7,8.0,0,25.9,39.0,150.0,275,2,0
F-1238,Restaurant,2,7,95.0,9,1.0,1,29.7,81.4,276.0,124,3,1
F-1239,Restaurant,2,2,63.1,2,7.0,2,28.9,48.9,279.0,92,4,1
F-1240,Hotel,5,0,68.1,8,,1,12.9,56.3,1053.0,158,2,0
F-1241,Hotel,4,1,72.5,6,5.0,0,20.6,66.3,158.0,96,3,0
F-1242,Restaurant,1,2,100.0,10,1.0,0,23.7,,181.0,176,2,0
F-1243,School,1,11,70.2,3,6.0,0,19.9,72.9,127.0,223,0,1
F-1244,School,3,2,89.7,3,8.0,0,9.2,62.7,97.0,112,0,0
F-1245,Office,2,1,59.2,1,5.0,1,21.1,47.3,146.0,17,1,0
F-1246,School,5,10,,8,1.0,0,24.0,68.5,319.0,45,0,0
F-1247,Hospital,3,10,70.2,9,4.0,1,21.9,68.7,336.0,169,2,0
F-1248,Hospital,0,2,56.1,1,10.0,1,,38.2,246.0,75,2,1
F-1249,Hospital,4,7,66.3,5,3.0,2,24.2,77.0,163.0,320,1,1
F-1250,School,3,6,86.0,8,6.0,2,25.4,30.2,142.0,70,0,0
F-1251,Office,2,6,55.6,8,4.0,2,22.1,72.4,105.0,15,1,0
F-1252,Hospital,2,3,70.0,10,8.0,1,29.5,52.4,136.0,249,0,0
F-1253,Restaurant,8,9,82.8,8,5.0,2,,68.5,81.0,251,2,0
F-1254,Restaurant,2,10,55.2,10,4.0,1,20.5,66.1,518.0,270,3,1
F-1255,Hotel,1,8,89.7,10,6.0,3,19.5,59.6,725.0,67,3,1
F-1256,Hotel,3,10,71.3,10,6.0,1,23.1,65.4,52.0,273,1,0
F-1257,Restaurant,4,1,67.0,5,5.0,2,28.5,59.0,245.0,345,2,1
F-1258,Restaurant,3,7,33.9,5,3.0,0,20.7,68.6,242.0,243,2,1
F-1259,School,4,11,63.3,5,2.0,0,26.4,86.2,232.0,159,2,1
F-1260,Restaurant,3,6,76.7,10,7.0,2,24.4,43.9,132.0,195,2,1
F-1261,Hotel,5,11,100.0,3,4.0,1,32.0,21.7,410.0,325,2,0
F-1262,Restaurant,3,4,80.2,8,7.0,1,25.6,55.0,267.0,61,0,0
F-1263,Restaurant,3,10,90.3,7,4.0,0,21.2,54.2,413.0,290,2,0
F-1264,Office,2,11,48.2,1,9.0,2,26.9,55.5,120.0,111,1,0
F-1265,Restaurant,4,7,67.7,5,8.0,2,27.1,48.9,76.0,351,3,1
F-1266,Restaurant,1,8,92.0,2,5.0,2,22.4,70.5,272.0,60,3,1
F-1267,Restaurant,4,6,54.0,8,,2,19.3,43.4,102.0,209,0,0
F-1268,Restaurant,2,3,87.4,5,8.0,1,26.1,65.4,419.0,163,3,1
F-1269,Restaurant,8,6,83.2,4,1.0,2,24.3,67.7,45.0,197,0,0
F-1270,Restaurant,3,11,74.9,1,1.0,1,17.9,63.8,144.0,155,0,0
F-1271,Restaurant,3,0,,2,1.0,2,25.0,65.8,130.0,19,0,1
F-1272,Restaurant,2,2,52.2,8,4.0,1,21.5,,159.0,343,0,1
F-1273,School,3,5,100.0,9,5.0,3,17.9,60.6,241.0,215,1,0
F-1274,School,2,4,81.4,3,3.0,2,22.6,55.8,264.0,242,2,1
F-1275,Hospital,2,7,76.1,9,2.0,2,29.1,65.8,314.0,211,2,1
F-1276,Restaurant,8,4,62.6,6,4.0,0,28.8,67.2,340.0,213,0,0
F-1277,School,1,7,70.7,4,5.0,1,27.8,70.7,178.0,244,1,1
F-1278,Office,4,1,73.0,5,3.0,3,25.1,39.5,877.0,170,1,1
F-1279,Office,8,3,77.2,7,6.0,3,26.4,57.8,529.0,56,1,0
F-1280,Restaurant,1,8,83.2,10,4.0,0,24.4,47.2,161.0,16,1,0
F-1281,Restaurant,1,5,55.9,5,10.0,0,19.6,66.7,182.0,218,1,0
F-1282,Restaurant,6,8,43.6,4,10.0,1,20.4,68.7,159.0,78,0,0
F-1283,Restaurant,3,7,71.5,8,7.0,2,21.6,56.7,258.0,184,3,1
F-1284,School,4,3,38.6,6,6.0,1,29.6,51.2,101.0,244,2,1
F-1285,Hospital,2,5,64.2,4,1.0,1,28.3,67.2,115.0,240,1,1
F-1286,Restaurant,1,11,60.8,5,7.0,0,,58.4,44.0,71,3,0
F-1287,Hospital,3,11,78.9,6,4.0,0,24.2,77.1,152.0,265,1,1
F-1288,School,2,0,100.0,2,3.0,1,22.4,81.3,422.0,376,2,1
F-1289,Restaurant,4,8,35.0,1,8.0,2,23.4,72.0,180.0,147,0,1
F-1290,Hotel,0,5,100.0,7,1.0,0,21.9,62.8,187.0,51,1,0
F-1291,Restaurant,3,0,65.8,2,3.0,0,29.6,81.9,243.0,204,1,1
F-1292,Office,3,7,76.3,6,8.0,2,23.9,62.9,99.0,248,1,0
F-1293,Restaurant,3,0,44.5,8,10.0,1,24.9,54.2,204.0,161,1,1
F-1294,Hotel,4,3,87.9,3,6.0,1,24.9,51.9,374.0,241,0,0
F-1295,Office,2,8,,4,6.0,0,19.9,51.6,248.0,307,0,0
F-1296,Office,2,9,68.9,10,10.0,1,24.4,59.9,397.0,233,1,0
F-1297,Hotel,2,4,35.1,1,1.0,1,28.2,65.6,485.0,319,0,1
F-1298,Hotel,5,9,71.3,8,5.0,0,29.9,43.0,319.0,62,2,0
F-1299,School,1,10,85.2,2,3.0,1,19.4,54.6,122.0,120,1,1
F-1300,Hotel,1,5,65.7,10,5.0,1,17.9,62.6,157.0,224,1,0
F-1301,Restaurant,5,2,91.1,5,10.0,0,24.2,67.7,774.0,107,1,0
F-1302,School,2,7,90.4,1,6.0,1,28.4,59.7,250.0,397,1,1
F-1303,School,4,0,58.5,8,10.0,1,25.4,62.9,227.0,272,1,0
F-1304,Office,1,10,98.7,2,6.0,1,26.7,45.1,110.0,167,2,0
F-1305,Hospital,3,4,70.8,4,9.0,0,18.6,49.1,188.0,310,0,0
F-1306,Hospital,1,9,70.9,6,2.0,3,21.7,59.3,331.0,393,2,1
F-1307,School,5,8,71.8,8,4.0,0,15.2,66.1,202.0,9,2,0
F-1308,Restaurant,7,5,71.2,5,3.0,1,23.4,62.8,139.0,224,0,0
F-1309,Restaurant,0,11,22.7,9,8.0,1,15.3,,164.0,173,2,0
F-1310,Hospital,1,9,66.7,5,6.0,1,29.3,57.2,461.0,303,0,0
F-1311,Hospital,1,10,45.4,4,3.0,1,30.2,78.1,320.0,126,0,1
F-1312,Restaurant,3,1,99.3,4,2.0,2,24.6,66.5,291.0,133,1,1
F-1313,Hospital,2,5,98.5,9,4.0,2,17.9,58.0,273.0,307,3,0
F-1314,Hospital,2,11,85.3,7,2.0,4,25.5,47.7,88.0,356,3,1
F-1315,Restaurant,4,9,65.7,2,7.0,1,31.4,51.4,242.0,61,5,1
F-1316,Hospital,3,5,51.9,8,9.0,0,25.9,60.1,423.0,247,0,0
F-1317,School,1,0,58.2,5,10.0,1,28.7,63.3,167.0,312,3,0
F-1318,Restaurant,2,3,100.0,4,3.0,0,22.1,66.8,397.0,69,4,0
F-1319,Office,2,6,57.5,1,5.0,1,20.5,64.7,293.0,266,2,1
F-1320,Office,5,7,27.6,10,6.0,2,23.7,55.6,358.0,391,0,0
F-1321,Hospital,2,11,88.5,1,5.0,0,16.3,53.9,208.0,337,5,0
F-1322,Restaurant,5,1,,10,5.0,3,33.1,84.6,373.0,81,5,0
F-1323,School,1,4,,1,3.0,0,24.6,53.3,72.0,396,0,1
F-1324,Hotel,2,3,88.7,6,2.0,1,27.5,44.5,205.0,146,2,1
F-1325,School,1,11,91.6,2,5.0,4,,40.3,330.0,193,2,1
F-1326,Hotel,2,1,71.0,5,1.0,2,17.8,55.8,247.0,120,0,1
F-1327,School,2,2,32.6,9,1.0,3,29.7,71.3,431.0,281,2,1
F-1328,School,3,3,70.5,6,6.0,1,19.5,53.1,179.0,54,3,1
F-1329,Restaurant,7,1,,6,9.0,0,25.4,77.7,137.0,285,4,0
F-1330,Hotel,1,7,67.6,2,6.0,2,25.8,59.9,64.0,26,3,1
F-1331,Restaurant,1,6,66.7,10,1.0,0,24.3,73.3,165.0,338,3,1
F-1332,School,1,6,52.6,4,9.0,1,20.9,50.9,288.0,133,1,1
F-1333,Office,3,10,52.0,6,7.0,3,23.4,51.1,341.0,209,3,1
F-1334,Restaurant,1,5,,9,4.0,0,20.2,61.1,75.0,95,3,0
F-1335,School,4,3,100.0,7,3.0,1,27.2,65.8,456.0,47,2,0
F-1336,Restaurant,4,4,70.0,8,9.0,0,26.3,57.9,101.0,14,2,0
F-1337,Hotel,5,9,,2,5.0,1,23.9,63.5,184.0,391,2,0
F-1338,Restaurant,1,6,52.3,5,2.0,0,21.7,67.1,135.0,58,2,1
F-1339,Office,1,2,81.6,6,3.0,1,32.4,43.0,268.0,27,2,1
F-1340,Restaurant,5,8,100.0,2,3.0,0,18.8,55.9,214.0,207,1,0
F-1341,Office,2,8,42.5,4,5.0,3,17.8,53.8,322.0,385,0,1
F-1342,Hotel,1,2,78.3,9,4.0,1,23.7,54.4,728.0,37,2,1
F-1343,School,6,6,79.7,10,6.0,1,23.0,64.9,265.0,105,0,0
F-1344,Hotel,3,6,79.5,9,4.0,2,28.4,53.9,134.0,224,4,1
F-1345,Hotel,0,2,99.6,10,7.0,2,26.6,35.9,277.0,199,1,0
F-1346,Office,2,0,100.0,10,5.0,2,24.1,57.2,782.0,62,0,0
F-1347,Restaurant,4,8,65.8,2,10.0,0,26.0,47.2,317.0,380,1,0
F-1348,School,2,7,82.1,9,9.0,2,25.9,66.0,388.0,146,2,1
F-1349,Restaurant,5,8,71.5,7,4.0,2,32.4,69.7,66.0,272,1,1
F-1350,School,0,4,58.6,9,,0,25.0,33.9,263.0,185,1,0
F-1351,Restaurant,1,6,74.9,7,6.0,2,21.3,,166.0,236,2,1
F-1352,School,3,11,82.1,2,4.0,1,24.8,64.2,124.0,362,2,0
F-1353,School,4,2,73.9,6,10.0,3,13.5,43.1,197.0,133,1,0
F-1354,Hospital,3,7,54.1,8,5.0,1,23.9,69.4,216.0,326,2,1
F-1355,School,3,1,61.7,2,3.0,3,28.4,72.6,129.0,120,2,1
F-1356,Hotel,1,0,61.8,6,4.0,0,26.4,58.1,229.0,130,1,1
F-1357,Hotel,3,11,54.8,7,9.0,3,25.2,50.7,177.0,17,2,0
F-1358,Hospital,0,1,75.6,5,2.0,1,26.6,32.3,328.0,141,0,1
F-1359,School,7,7,77.5,8,10.0,1,28.4,,235.0,236,3,0
F-1360,Office,4,6,87.6,2,3.0,2,29.7,84.0,261.0,257,0,1
F-1361,Restaurant,3,9,54.6,4,9.0,0,25.8,81.5,398.0,174,4,1
F-1362,Restaurant,3,6,59.6,10,6.0,0,22.7,57.7,295.0,145,2,0
F-1363,Restaurant,2,8,98.0,6,6.0,2,14.7,46.9,199.0,93,0,0
F-1364,School,6,10,67.0,2,3.0,1,27.9,70.1,46.0,362,3,1
F-1365,Hospital,2,9,70.5,2,8.0,2,26.1,58.5,287.0,156,0,1
F-1366,Hotel,2,8,66.8,6,7.0,1,24.6,65.7,106.0,125,2,0
F-1367,School,2,1,90.4,10,5.0,0,21.2,63.6,189.0,376,0,0
F-1368,Restaurant,1,2,91.1,1,5.0,0,27.9,61.1,260.0,256,1,1
F-1369,Office,5,5,90.0,2,6.0,1,23.0,72.3,509.0,340,2,0
F-1370,Hotel,1,7,70.5,4,5.0,0,23.9,72.8,728.0,158,1,0
F-1371,Restaurant,7,8,54.3,3,10.0,2,23.8,53.7,105.0,175,2,0
F-1372,Hospital,3,9,100.0,2,1.0,1,25.8,48.9,80.0,293,0,0
F-1373,Restaurant,2,1,85.4,3,3.0,0,19.4,30.0,252.0,392,0,1
F-1374,Restaurant,0,2,61.8,7,9.0,2,26.3,55.8,237.0,316,2,1
F-1375,Restaurant,5,1,95.6,9,8.0,1,21.1,46.9,86.0,187,1,0
F-1376,Office,3,6,60.4,4,4.0,1,21.3,65.0,198.0,241,2,1
F-1377,Hospital,0,7,95.4,8,6.0,2,27.5,56.0,304.0,142,1,1
F-1378,Hospital,4,1,96.6,9,1.0,2,20.0,57.3,85.0,185,1,0
F-1379,Hotel,3,10,53.4,1,2.0,0,27.5,,100.0,158,0,1
F-1380,School,4,3,80.5,9,10.0,1,24.4,64.8,128.0,44,2,0
F-1381,Office,4,7,84.1,2,7.0,0,17.4,58.6,173.0,350,1,0
F-1382,Hotel,6,9,100.0,7,1.0,1,29.5,80.2,326.0,59,2,0
F-1383,Hospital,7,0,56.6,8,8.0,2,25.2,68.9,159.0,110,4,1
F-1384,Hospital,3,10,95.8,9,5.0,4,25.6,55.0,208.0,105,4,1
F-1385,Office,4,11,70.3,5,6.0,1,28.0,55.5,965.0,92,0,1
F-1386,Hotel,5,11,47.7,7,9.0,0,30.0,69.5,103.0,201,2,0
F-1387,Office,6,1,67.8,1,9.0,1,24.8,62.4,127.0,384,2,0
F-1388,Restaurant,7,4,70.0,5,2.0,3,26.5,46.5,322.0,134,0,1
F-1389,Office,4,2,50.9,10,4.0,4,25.5,70.7,400.0,295,3,1
F-1390,School,3,5,75.6,2,3.0,0,22.6,75.1,268.0,294,1,1
F-1391,Restaurant,3,11,87.2,2,10.0,0,17.7,74.2,711.0,306,2,1
F-1392,School,0,9,74.3,8,8.0,2,24.9,78.5,250.0,250,1,1
F-1393,School,3,9,,6,7.0,1,29.5,84.8,50.0,297,1,0
F-1394,Restaurant,2,5,67.3,5,1.0,2,26.3,80.8,214.0,305,0,1
F-1395,Hospital,4,11,69.9,3,9.0,0,19.7,,50000.0,274,2,0
F-1396,Hotel,4,11,73.9,2,6.0,2,28.4,57.5,528.0,225,1,0
F-1397,Restaurant,5,9,90.0,8,3.0,2,22.8,,394.0,41,2,0
F-1398,Hospital,6,9,74.9,4,5.0,1,15.6,60.1,66.0,205,2,0
F-1399,Hospital,6,7,,8,5.0,2,28.1,66.2,516.0,302,2,0
F-1400,Restaurant,2,1,59.9,5,,1,20.2,60.5,387.0,140,1,1
F-1401,Office,2,3,73.0,4,10.0,2,31.1,37.3,160.0,103,1,0
F-1402,Hotel,4,9,90.2,3,,1,28.6,56.6,190.0,239,1,1
F-1403,Restaurant,7,3,93.4,7,1.0,4,23.1,67.7,531.0,57,1,0
F-1404,Office,4,2,100.0,3,10.0,1,25.8,47.7,50.0,289,1,0
F-1405,Office,1,11,72.4,10,5.0,2,33.7,62.0,274.0,393,1,0
F-1406,Restaurant,6,5,83.7,5,8.0,0,28.0,65.2,431.0,196,2,0
F-1407,Hotel,3,10,43.8,9,8.0,3,25.0,73.4,188.0,16,1,1
F-1408,Restaurant,1,3,77.7,5,6.0,3,,80.6,315.0,112,1,1
F-1409,Office,1,4,50.6,5,8.0,1,24.5,55.5,215.0,17,2,0
F-1410,School,5,4,68.9,5,7.0,2,26.3,62.2,116.0,186,3,0
F-1411,School,2,4,100.0,5,9.0,3,20.3,62.6,114.0,127,1,1
F-1412,Restaurant,5,5,75.5,5,5.0,0,17.3,67.8,330.0,310,3,1
F-1413,Office,4,3,,9,8.0,1,22.8,66.4,128.0,338,0,0
F-1414,Restaurant,3,9,77.3,8,10.0,2,24.2,77.1,69.0,176,2,0
F-1415,Restaurant,1,3,60.7,1,10.0,1,25.3,32.0,218.0,391,2,1
F-1416,Restaurant,4,5,52.7,1,2.0,5,18.3,65.0,140.0,182,2,1
F-1417,Hotel,0,10,100.0,1,5.0,1,26.6,65.8,87.0,51,3,1
F-1418,Restaurant,2,5,89.2,7,6.0,1,20.7,57.2,211.0,363,3,1
F-1419,Office,3,0,76.2,3,7.0,4,26.4,32.8,343.0,161,2,1
F-1420,School,3,0,62.9,4,7.0,1,27.7,59.3,203.0,354,1,1
F-1421,Restaurant,2,5,64.4,9,9.0,1,22.4,51.5,95.0,295,1,0
F-1422,Restaurant,3,7,97.8,2,6.0,1,20.1,80.1,281.0,376,0,1
F-1423,Restaurant,4,11,75.5,2,8.0,2,30.2,,413.0,259,0,0
F-1424,School,2,1,14.5,1,9.0,0,27.5,50.5,943.0,239,1,1
F-1425,Hotel,3,6,100.0,3,2.0,0,24.6,35.4,550.0,97,0,0
F-1426,Restaurant,4,3,73.3,1,7.0,1,29.9,67.1,99.0,115,0,1
F-1427,Hotel,2,5,76.2,7,4.0,1,24.3,68.4,365.0,135,1,1
F-1428,Restaurant,3,5,89.6,8,10.0,2,21.5,57.4,240.0,127,1,0
F-1429,Hotel,1,3,78.4,2,,1,20.0,67.2,89.0,239,0,0
F-1430,Office,4,0,83.4,6,7.0,1,23.6,55.8,244.0,348,1,0
F-1431,Hotel,2,0,62.4,4,8.0,2,27.1,72.8,767.0,18,2,1
F-1432,School,3,6,47.9,1,3.0,2,29.6,71.9,463.0,249,0,1
F-1433,Hotel,0,2,75.0,5,6.0,1,24.1,40.3,99.0,304,1,1
F-1434,Restaurant,4,3,95.8,7,8.0,0,28.9,43.3,202.0,180,2,0
F-1435,Restaurant,1,1,58.3,3,8.0,1,23.1,84.4,283.0,113,1,1
F-1436,Restaurant,5,0,56.9,8,3.0,1,,71.2,60.0,175,2,0
F-1437,School,9,1,92.0,10,9.0,3,18.8,44.9,61.0,332,1,0
F-1438,Hotel,6,4,61.8,1,2.0,1,22.0,41.2,223.0,366,0,1
F-1439,School,5,1,,2,3.0,0,18.9,62.5,225.0,275,3,0
F-1440,Office,5,2,63.3,3,9.0,2,32.0,46.3,55.0,196,4,0
F-1441,Restaurant,3,3,68.8,9,7.0,1,25.8,56.2,263.0,259,3,1
F-1442,Hotel,3,3,41.7,2,6.0,0,23.6,59.4,429.0,272,3,1
F-1443,Restaurant,1,0,60.3,5,6.0,3,30.9,58.9,172.0,308,1,1
F-1444,Restaurant,4,1,74.1,6,10.0,1,18.8,73.5,209.0,62,0,0
F-1445,Hotel,3,11,74.0,2,3.0,0,23.5,82.0,299.0,34,3,1
F-1446,Office,2,8,,1,3.0,1,32.0,54.3,272.0,141,2,1
F-1447,School,1,1,100.0,2,5.0,0,23.4,46.4,62.0,107,4,1
F-1448,Restaurant,7,3,97.2,1,9.0,0,33.8,64.7,106.0,247,2,0
F-1449,School,4,4,86.5,6,6.0,0,27.1,79.6,152.0,211,1,0
F-1450,Restaurant,4,10,67.3,10,8.0,0,29.2,55.2,110.0,367,3,0
F-1451,Office,4,10,58.8,4,9.0,2,29.3,70.2,559.0,311,0,0
F-1452,Hotel,3,9,70.3,3,9.0,1,24.0,50.0,312.0,63,0,0
F-1453,Restaurant,0,1,80.5,3,5.0,2,22.0,60.3,92.0,340,0,1
F-1454,Restaurant,3,5,84.8,10,5.0,1,23.5,46.1,172.0,309,2,0
F-1455,Restaurant,3,5,81.2,10,1.0,0,20.1,60.1,442.0,155,2,0
F-1456,Office,2,7,67.8,7,,2,23.7,58.6,127.0,27,2,0
F-1457,Hospital,0,10,84.2,5,5.0,2,24.0,67.3,364.0,318,1,1
F-1458,Hotel,4,3,92.7,2,8.0,1,30.8,81.3,528.0,81,3,1
F-1459,School,2,6,85.8,10,9.0,0,26.4,55.3,469.0,92,4,0
F-1460,School,1,3,69.4,1,5.0,1,33.5,36.0,227.0,190,2,1
F-1461,Restaurant,2,2,55.0,2,6.0,2,15.4,57.6,481.0,37,2,1
F-1462,Office,5,3,54.6,7,9.0,2,19.1,63.6,139.0,162,1,0
F-1463,Restaurant,3,8,57.7,2,4.0,1,22.6,62.4,1142.0,102,4,1
F-1464,School,5,5,74.6,2,2.0,1,30.0,58.1,237.0,25,3,1
F-1465,School,3,8,79.4,6,10.0,0,23.6,77.9,447.0,361,3,0
F-1466,School,5,8,44.5,1,6.0,1,18.1,61.6,155.0,107,0,0
F-1467,Office,5,4,60.9,3,2.0,0,23.0,58.7,284.0,219,3,0
F-1468,Restaurant,2,11,74.4,7,3.0,0,19.2,50.7,293.0,327,1,0
F-1469,School,3,0,53.8,2,4.0,2,18.4,39.0,105.0,195,3,1
F-1470,Hospital,2,10,77.8,8,3.0,1,32.0,64.0,102.0,120,3,1
F-1471,Hospital,1,0,64.5,1,5.0,1,22.6,62.9,174.0,298,3,1
F-1472,Restaurant,4,4,57.0,7,9.0,1,24.7,47.3,434.0,278,0,0
F-1473,Restaurant,3,9,,1,8.0,2,,59.5,56.0,8,3,1
F-1474,Restaurant,1,8,77.1,8,,2,23.0,58.3,155.0,328,1,0
F-1475,Restaurant,2,3,54.7,8,9.0,1,20.6,52.5,501.0,51,3,0
F-1476,Hospital,0,10,65.6,8,4.0,0,22.8,50.5,85.0,296,0,0
F-1477,School,1,1,78.4,3,1.0,0,25.3,64.9,482.0,44,1,0
F-1478,School,6,8,56.3,3,2.0,2,29.7,57.3,91.0,30,2,1
F-1479,Hospital,4,6,,10,8.0,2,27.8,52.9,105.0,53,1,1
F-1480,Hospital,5,2,42.3,8,4.0,2,19.1,49.7,181.0,297,3,1
F-1481,Restaurant,2,11,62.5,2,8.0,1,28.0,58.4,744.0,184,1,1
F-1482,School,3,9,,1,5.0,0,25.9,71.1,128.0,242,1,1
F-1483,Restaurant,6,0,63.7,4,9.0,3,21.5,62.5,60.0,115,0,0
F-1484,Restaurant,4,1,100.0,7,6.0,7,24.7,57.2,75.0,52,1,1
F-1485,Hospital,4,0,45.2,4,10.0,3,26.3,63.7,385.0,315,1,1
F-1486,Hospital,4,4,64.9,9,3.0,1,24.2,76.4,78.0,333,3,0
F-1487,Restaurant,4,5,100.0,6,8.0,1,25.9,65.9,460.0,336,1,1
F-1488,School,2,8,77.3,10,6.0,1,20.5,63.1,210.0,30,0,1
F-1489,School,2,8,63.4,9,2.0,0,32.0,67.7,196.0,370,1,1
F-1490,Hotel,2,0,67.2,5,3.0,2,16.3,58.1,247.0,219,1,1
F-1491,School,1,5,77.7,9,4.0,0,26.3,62.2,114.0,82,2,0
F-1492,School,2,9,100.0,5,2.0,2,,54.1,221.0,83,1,1
F-1493,Restaurant,2,10,60.4,1,10.0,1,26.6,41.4,87.0,203,2,1
F-1494,Hotel,6,3,56.4,4,3.0,2,21.2,64.1,515.0,243,1,1
F-1495,School,4,0,45.2,5,6.0,2,28.7,64.2,98.0,24,2,1
F-1496,Hospital,1,1,71.9,10,6.0,4,23.6,56.5,272.0,200,2,1
F-1497,School,3,4,44.7,9,6.0,1,19.3,72.4,97.0,99,2,0
F-1498,Hospital,2,5,61.7,2,7.0,1,19.6,51.3,138.0,367,2,1
F-1499,School,2,4,53.6,1,10.0,2,24.5,38.7,154.0,247,2,1
F-1500,Hotel,2,1,89.3,6,10.0,1,17.6,51.6,1615.0,151,1,0
F-1501,Office,1,4,60.8,6,9.0,0,31.2,41.5,198.0,171,2,1
F-1502,Office,2,3,77.1,8,5.0,0,,64.1,113.0,335,0,0
F-1503,School,1,5,41.1,3,8.0,1,31.3,51.0,147.0,277,1,1
F-1504,School,3,0,72.4,9,2.0,1,30.9,71.8,70.0,158,1,0
F-1505,Hotel,5,9,48.3,5,9.0,1,22.6,71.6,179.0,336,5,0
F-1506,Restaurant,1,5,62.3,4,2.0,1,20.5,48.9,732.0,250,1,1
F-1507,Hotel,1,3,100.0,5,2.0,0,13.3,50.3,253.0,28,0,0
F-1508,Hospital,1,10,86.8,10,9.0,0,22.4,66.4,377.0,254,5,1
F-1509,Restaurant,2,8,67.7,4,8.0,4,31.1,71.8,106.0,375,0,1
F-1510,Restaurant,3,1,100.0,6,2.0,1,20.7,35.8,174.0,345,3,1
F-1511,Hotel,2,1,53.5,9,10.0,1,23.2,63.4,231.0,21,4,0
F-1512,Restaurant,2,0,91.0,1,2.0,0,21.8,33.6,121.0,353,5,1
F-1513,Restaurant,2,6,42.4,6,1.0,1,25.5,53.4,265.0,392,2,1
F-1514,Restaurant,3,4,65.6,8,10.0,0,29.1,73.1,308.0,69,2,0
F-1515,Restaurant,2,4,45.7,10,3.0,1,17.8,96.1,293.0,256,1,1
F-1516,Restaurant,3,6,74.6,1,3.0,1,18.6,57.1,180.0,303,0,0
F-1517,Hotel,6,6,71.0,8,8.0,2,29.9,45.0,430.0,22,1,0
F-1518,Restaurant,2,0,64.5,9,7.0,1,26.9,53.8,50000.0,331,2,1
F-1519,Hotel,3,1,89.7,4,6.0,1,23.0,60.8,157.0,160,1,1
F-1520,Office,3,9,59.8,8,10.0,0,30.8,52.0,550.0,123,3,0
F-1521,Hospital,3,11,75.9,5,1.0,0,18.5,48.9,92.0,106,2,0
F-1522,Restaurant,4,10,84.8,7,10.0,4,27.7,54.9,61.0,204,2,1
F-1523,School,5,10,43.3,4,3.0,2,23.7,64.7,109.0,320,2,0
F-1524,Restaurant,4,5,56.5,2,7.0,1,26.4,,263.0,329,2,1
F-1525,Hospital,3,9,71.0,9,4.0,3,14.5,49.4,492.0,94,0,0
F-1526,Office,3,10,81.3,3,3.0,1,23.0,52.0,126.0,331,2,1
F-1527,Office,2,10,95.6,2,4.0,0,26.9,55.0,714.0,331,0,0
F-1528,Hotel,0,1,66.1,9,6.0,3,23.7,48.0,204.0,29,0,1
F-1529,Restaurant,3,1,64.3,10,9.0,1,29.0,51.5,185.0,128,1,0
F-1530,School,2,4,54.3,7,2.0,0,28.9,67.7,111.0,10,1,1
F-1531,Hotel,5,6,75.9,6,7.0,1,20.2,57.2,785.0,395,3,1
F-1532,Hospital,1,11,64.7,4,9.0,0,27.3,39.0,180.0,191,0,0
F-1533,School,3,3,65.1,7,8.0,1,20.0,72.3,79.0,111,1,1
F-1534,Restaurant,2,9,68.3,7,10.0,1,24.2,65.0,1119.0,358,2,1
F-1535,Restaurant,5,10,79.9,6,1.0,0,26.6,43.4,264.0,275,2,0
F-1536,School,2,11,59.9,7,4.0,2,20.7,55.6,350.0,376,2,1
F-1537,Restaurant,7,2,56.1,6,5.0,0,27.1,50.5,650.0,321,1,0
F-1538,Restaurant,4,2,77.8,9,6.0,2,22.0,68.1,308.0,382,3,1
F-1539,Hotel,6,2,,7,4.0,0,21.7,55.5,396.0,90,2,1
F-1540,Office,6,8,59.1,4,3.0,0,26.8,59.1,208.0,85,1,0
F-1541,School,2,8,49.3,7,9.0,0,20.7,57.7,335.0,34,2,0
F-1542,Hotel,6,4,91.7,3,3.0,0,20.5,42.2,196.0,140,2,0
F-1543,Office,2,1,62.1,3,10.0,0,28.2,76.9,198.0,222,0,1
F-1544,Restaurant,0,6,59.9,9,1.0,0,24.4,67.9,218.0,228,1,0
F-1545,Hospital,3,8,69.1,6,5.0,1,18.2,51.0,152.0,272,2,1
F-1546,Hospital,4,5,59.3,1,7.0,2,27.4,62.3,285.0,294,0,1
F-1547,Restaurant,2,3,62.8,4,10.0,3,85.0,71.7,285.0,327,0,1
F-1548,Hotel,2,7,71.7,10,8.0,0,18.4,60.7,355.0,210,2,0
F-1549,Hospital,4,7,62.4,7,1.0,1,14.0,78.7,313.0,112,1,0
F-1550,Hospital,6,7,,9,8.0,0,27.6,,812.0,178,2,0
F-1551,Restaurant,7,10,,6,4.0,0,20.6,58.5,419.0,349,0,0
F-1552,Restaurant,4,3,49.2,1,9.0,2,19.0,53.0,173.0,327,1,1
F-1553,Office,1,7,71.1,2,8.0,2,26.6,48.1,275.0,366,3,1
F-1554,Restaurant,1,10,75.5,1,2.0,1,27.2,33.4,539.0,218,1,1
F-1555,Restaurant,4,2,44.3,8,4.0,4,20.9,75.0,103.0,312,2,1
F-1556,Restaurant,2,3,83.7,8,9.0,3,27.7,55.8,821.0,168,1,0
F-1557,Hospital,1,0,83.8,5,10.0,0,32.2,70.5,116.0,8,0,0
F-1558,School,3,4,87.5,8,7.0,0,29.4,72.9,376.0,298,0,0
F-1559,Hospital,2,0,75.4,6,3.0,0,28.8,,201.0,39,0,0
F-1560,Restaurant,3,8,81.5,8,4.0,3,25.3,48.8,193.0,255,1,1
F-1561,Restaurant,2,1,100.0,7,8.0,0,22.2,80.9,80.0,399,2,0
F-1562,Hotel,2,8,64.6,5,6.0,0,23.8,59.2,378.0,15,0,0
F-1563,School,3,6,,7,3.0,3,25.8,52.1,81.0,294,0,1
F-1564,School,2,11,42.4,4,3.0,1,19.0,47.5,73.0,347,0,1
F-1565,School,4,4,100.0,8,2.0,0,20.9,58.3,451.0,252,0,0
F-1566,Hotel,1,4,100.0,10,5.0,0,18.3,78.1,701.0,277,1,1
F-1567,Restaurant,2,2,53.4,3,5.0,0,24.9,68.2,126.0,361,0,1
F-1568,Hospital,3,6,56.9,7,6.0,1,24.3,62.2,404.0,311,2,1
F-1569,School,6,2,64.2,2,10.0,2,21.4,79.1,350.0,20,3,0
F-1570,Restaurant,1,1,92.0,4,7.0,2,27.3,76.7,188.0,310,2,1
F-1571,Hotel,3,11,46.8,7,6.0,0,,64.0,510.0,304,3,0
F-1572,Hospital,3,8,34.6,3,4.0,2,21.2,93.3,179.0,95,5,1
F-1573,Hotel,0,1,100.0,3,7.0,0,27.1,57.0,288.0,263,1,1
F-1574,Office,5,7,75.6,4,10.0,3,27.7,73.2,83.0,337,3,1
F-1575,School,8,3,78.2,2,1.0,2,20.8,55.3,86.0,340,1,1
F-1576,Office,3,2,66.3,7,4.0,1,24.9,70.8,454.0,349,1,1
F-1577,School,4,5,78.4,2,,2,,57.0,295.0,312,4,1
F-1578,Office,2,9,42.7,4,3.0,2,23.2,65.5,181.0,53,2,1
F-1579,Restaurant,3,0,54.9,4,1.0,1,24.6,88.7,762.0,196,1,1
F-1580,Hospital,3,4,71.9,10,6.0,1,26.2,71.4,756.0,97,2,1
F-1581,School,1,11,29.1,10,9.0,2,25.3,65.7,272.0,33,3,1
F-1582,Restaurant,4,4,64.6,1,10.0,2,25.1,50.7,72.0,109,0,0
F-1583,Hospital,5,1,63.4,2,3.0,4,19.7,62.3,185.0,364,3,1
F-1584,Office,2,5,64.6,8,7.0,0,25.6,47.9,112.0,241,0,0
F-1585,School,6,8,60.1,3,4.0,1,26.2,70.6,213.0,306,0,0
F-1586,Restaurant,7,11,52.1,7,4.0,0,26.8,70.3,104.0,203,2,0
F-1587,Restaurant,1,7,37.2,10,7.0,2,21.1,57.8,87.0,145,2,1
F-1588,Restaurant,1,0,72.6,2,7.0,2,27.7,80.0,41.0,195,0,1
F-1589,Restaurant,5,9,64.6,10,6.0,0,18.7,78.3,225.0,393,2,1
F-1590,Office,2,9,45.2,1,1.0,0,22.3,61.8,40.0,118,0,1
F-1591,Hospital,0,7,71.1,3,5.0,1,22.9,66.8,160.0,127,1,0
F-1592,Restaurant,0,10,64.7,6,3.0,2,19.0,52.9,326.0,339,2,1
F-1593,School,3,9,61.7,9,1.0,2,22.8,56.7,121.0,151,3,0
F-1594,Restaurant,6,2,31.2,6,1.0,1,24.9,47.1,94.0,362,2,1
F-1595,Restaurant,2,5,82.3,2,5.0,1,16.7,54.3,191.0,389,2,1
F-1596,Hotel,1,6,47.8,3,2.0,4,22.4,58.7,112.0,31,0,1
F-1597,School,6,5,71.1,8,8.0,1,17.0,40.1,228.0,268,0,0
F-1598,Office,4,7,55.5,6,1.0,0,32.2,66.9,97.0,42,2,0
F-1599,School,2,8,63.0,1,3.0,0,24.8,72.3,186.0,352,0,1
F-1600,Hospital,2,1,90.7,6,10.0,2,24.5,59.9,157.0,50,2,0
F-1601,Hotel,3,6,,5,8.0,2,24.9,,199.0,355,2,0
F-1602,Office,3,0,90.3,1,6.0,2,26.4,,629.0,308,1,1
F-1603,Hotel,2,6,75.9,3,1.0,1,27.9,43.3,230.0,216,3,1
F-1604,Office,4,5,77.1,10,1.0,0,17.7,52.7,285.0,87,4,0
F-1605,Hotel,4,2,,8,10.0,1,29.2,77.4,129.0,110,1,1
F-1606,Office,3,11,64.3,1,8.0,0,29.0,30.8,234.0,175,1,0
F-1607,Restaurant,5,3,66.0,1,10.0,0,23.7,50.2,165.0,339,2,1
F-1608,Hotel,4,0,92.0,4,9.0,1,23.5,70.0,205.0,359,4,0
F-1609,Hospital,3,4,60.9,5,1.0,1,11.6,51.6,316.0,203,1,0
F-1610,School,2,9,74.8,5,9.0,1,19.0,50.7,141.0,96,1,1
F-1611,School,2,0,74.1,7,5.0,1,26.1,,152.0,227,2,1
F-1612,Office,0,5,90.8,2,7.0,2,28.8,64.5,143.0,333,1,0
F-1613,Office,2,5,67.6,1,5.0,3,26.9,71.2,141.0,218,2,1
F-1614,Restaurant,3,10,84.9,7,8.0,6,23.7,65.9,226.0,356,5,1
F-1615,Hotel,1,0,39.3,9,9.0,3,31.7,61.9,155.0,8,0,1
F-1616,Hotel,1,0,40.9,2,10.0,1,28.0,75.2,572.0,203,0,1
F-1617,Restaurant,4,6,28.9,4,6.0,1,22.4,82.9,1307.0,23,1,1
F-1618,Restaurant,3,2,84.1,7,3.0,1,32.7,39.8,135.0,246,2,0
F-1619,Restaurant,1,8,82.1,2,7.0,1,19.6,59.6,246.0,248,1,1
F-1620,Hotel,3,3,86.1,9,5.0,1,18.1,59.5,414.0,128,1,0
F-1621,Hospital,3,6,57.8,3,,0,22.3,54.8,166.0,318,0,1
F-1622,Office,0,0,59.9,6,8.0,0,85.0,71.8,100.0,380,0,1
F-1623,Hospital,6,8,67.8,4,1.0,4,85.0,63.1,676.0,185,1,0
F-1624,Office,1,6,96.0,7,5.0,0,27.2,83.1,324.0,176,3,0
F-1625,Hospital,3,0,100.0,2,,2,23.9,73.2,250.0,80,1,0
F-1626,Hotel,2,3,84.3,1,10.0,2,24.0,76.4,553.0,16,3,1
F-1627,Restaurant,3,0,76.0,6,7.0,0,,45.6,343.0,165,2,0
F-1628,School,3,0,94.0,9,10.0,1,14.8,50.3,194.0,179,3,1
F-1629,Hotel,3,8,65.4,7,9.0,3,17.9,51.3,101.0,308,1,0
F-1630,Office,5,5,63.0,8,3.0,0,22.5,75.9,142.0,345,2,0
F-1631,Hotel,3,9,67.7,5,9.0,1,20.6,48.4,466.0,47,1,0
F-1632,Restaurant,5,3,52.4,2,4.0,2,23.1,48.7,323.0,65,0,1
F-1633,Hospital,2,8,66.8,5,7.0,1,29.6,46.5,176.0,226,0,0
F-1634,Restaurant,3,7,49.9,10,3.0,2,23.7,93.0,690.0,153,2,1
F-1635,Restaurant,3,7,88.5,8,,1,18.7,58.3,179.0,282,1,0
F-1636,School,2,9,79.8,8,7.0,1,20.8,66.4,400.0,132,2,1
F-1637,Hotel,5,8,95.7,4,10.0,0,30.8,46.3,234.0,169,0,0
F-1638,Hotel,1,8,40.7,6,10.0,1,30.1,71.5,775.0,180,2,1
F-1639,Office,3,8,100.0,7,9.0,1,26.4,38.7,339.0,242,2,0
F-1640,Hotel,1,5,41.7,7,6.0,1,17.8,48.3,207.0,32,0,1
F-1641,Hotel,6,8,48.4,9,9.0,4,25.2,51.2,177.0,353,3,1
F-1642,Restaurant,4,10,58.8,7,2.0,0,25.5,62.6,198.0,138,0,0
F-1643,Restaurant,1,8,93.5,3,,0,24.1,50.5,121.0,89,1,0
F-1644,School,3,7,,3,3.0,2,21.7,78.3,77.0,257,1,1
F-1645,Office,0,0,65.6,7,5.0,1,22.5,66.0,249.0,58,1,1
F-1646,Restaurant,0,5,55.7,9,10.0,1,21.4,51.7,138.0,238,2,1
F-1647,School,3,0,45.2,10,8.0,0,19.4,72.0,138.0,29,0,0
F-1648,School,4,1,90.4,7,9.0,1,29.5,55.3,188.0,109,2,0
F-1649,Restaurant,1,4,84.4,6,7.0,3,27.5,52.9,208.0,291,2,1
F-1650,Hospital,5,5,94.3,9,7.0,1,22.9,70.7,201.0,151,2,0
F-1651,Office,3,6,77.1,10,2.0,0,25.4,30.6,676.0,360,1,0
F-1652,School,4,10,22.4,1,10.0,1,25.6,68.8,319.0,145,0,1
F-1653,Restaurant,4,9,47.6,4,7.0,2,33.4,51.4,876.0,277,4,1
F-1654,Office,3,5,78.4,4,7.0,0,27.5,51.4,147.0,16,2,0
F-1655,Restaurant,1,4,63.3,6,5.0,2,27.3,83.5,347.0,390,3,1
F-1656,Office,2,8,59.9,3,10.0,0,24.2,53.6,153.0,248,1,0
F-1657,Restaurant,8,3,50.1,4,5.0,1,22.3,71.5,135.0,284,1,1
F-1658,School,3,10,87.1,1,2.0,2,29.5,63.4,900.0,133,1,1
F-1659,Hospital,3,9,78.2,1,2.0,3,,64.6,117.0,118,4,1
F-1660,Restaurant,6,8,,5,7.0,2,20.7,57.0,42.0,177,0,0
F-1661,Office,2,2,58.6,10,8.0,1,25.8,56.4,122.0,105,1,1
F-1662,Restaurant,5,7,73.2,3,3.0,3,27.3,78.3,49.0,13,2,1
F-1663,Restaurant,1,9,45.9,3,7.0,1,15.6,71.2,103.0,268,1,1
F-1664,Restaurant,3,0,67.7,3,10.0,1,20.3,54.0,110.0,288,2,1
F-1665,Hotel,4,2,24.5,10,6.0,0,25.5,47.4,205.0,271,2,0
F-1666,Hotel,3,6,41.8,7,10.0,0,16.3,53.0,48.0,223,2,1
F-1667,Office,2,4,64.2,7,2.0,1,16.9,71.8,463.0,211,1,1
F-1668,Restaurant,2,8,100.0,2,5.0,2,22.9,74.1,54.0,394,2,1
F-1669,Hospital,2,4,37.6,10,6.0,2,26.0,66.7,183.0,213,2,1
F-1670,Restaurant,1,11,47.6,2,4.0,1,26.2,40.6,160.0,283,4,1
F-1671,School,0,3,73.9,10,2.0,0,30.3,69.0,357.0,169,0,1
F-1672,Office,1,4,100.0,10,5.0,1,24.3,75.6,256.0,18,1,1
F-1673,Hotel,4,0,73.6,6,4.0,1,22.5,62.1,460.0,143,2,1
F-1674,School,3,2,82.6,9,3.0,1,18.8,83.8,156.0,289,0,1
F-1675,Hospital,2,2,63.9,10,4.0,0,,44.1,145.0,255,1,0
F-1676,Office,3,9,60.8,6,5.0,0,26.8,68.2,267.0,278,1,1
F-1677,Hospital,3,4,71.5,8,9.0,0,27.0,47.8,412.0,300,0,0
F-1678,Restaurant,5,2,58.2,6,5.0,2,25.1,72.7,357.0,91,0,0
F-1679,Hospital,1,3,83.0,6,5.0,1,26.2,67.4,251.0,326,3,1
F-1680,Restaurant,0,6,41.1,4,4.0,4,29.1,81.6,236.0,287,1,1
F-1681,Restaurant,2,9,86.0,7,6.0,0,24.3,66.0,195.0,126,0,0
F-1682,Restaurant,1,11,70.7,3,,1,29.5,55.2,267.0,203,1,1
F-1683,Hospital,3,0,66.1,2,9.0,0,21.1,54.1,833.0,343,1,1
F-1684,School,5,10,40.4,3,5.0,1,23.7,57.0,169.0,71,1,0
F-1685,Restaurant,5,4,52.4,1,5.0,2,22.1,53.9,155.0,124,0,1
F-1686,Hospital,4,9,91.6,10,1.0,0,27.2,,147.0,80,1,0
F-1687,Office,4,0,66.2,3,9.0,1,19.9,75.3,263.0,125,2,0
F-1688,Hotel,1,7,75.0,8,5.0,0,22.7,42.0,45.0,85,3,0
F-1689,School,1,11,54.2,5,2.0,4,16.6,60.5,182.0,323,4,1
F-1690,Restaurant,2,0,69.5,4,2.0,1,26.4,60.7,371.0,396,1,1
F-1691,Office,4,9,45.3,3,4.0,3,29.0,50.6,139.0,387,1,1
F-1692,Restaurant,3,1,71.8,9,8.0,4,27.6,65.3,228.0,146,3,1
F-1693,Restaurant,3,11,76.7,6,1.0,1,27.3,77.5,877.0,373,0,1
F-1694,Office,1,8,75.8,5,2.0,0,27.4,70.7,253.0,37,0,0
F-1695,School,4,10,53.7,7,6.0,2,85.0,76.2,42.0,48,2,0
F-1696,Hotel,5,10,63.8,9,5.0,0,26.5,51.4,75.0,133,1,0
F-1697,School,0,3,79.7,7,10.0,3,26.7,60.4,168.0,118,3,1
F-1698,School,2,4,66.2,5,,1,21.4,50.8,114.0,367,0,1
F-1699,Restaurant,3,8,64.8,9,7.0,0,23.2,62.9,215.0,305,1,0
F-1700,Restaurant,0,2,100.0,9,4.0,2,24.3,64.0,163.0,302,3,1
F-1701,Restaurant,3,3,52.9,10,7.0,0,22.7,71.5,453.0,323,0,1
F-1702,Restaurant,2,1,89.4,1,6.0,0,17.7,75.8,93.0,291,2,1
F-1703,Office,5,10,49.2,9,3.0,1,,68.3,173.0,204,1,0
F-1704,Restaurant,5,2,81.8,2,4.0,0,24.9,49.7,233.0,28,1,0
F-1705,School,3,4,82.7,7,10.0,0,27.6,43.8,254.0,11,2,0
F-1706,Hotel,3,5,60.8,7,6.0,1,24.0,66.2,222.0,390,2,0
F-1707,Hotel,1,4,48.1,3,5.0,0,35.1,78.0,37.0,203,0,1
F-1708,Hospital,1,9,34.5,1,8.0,2,20.3,59.7,212.0,381,2,1
F-1709,Hospital,1,10,58.9,10,3.0,2,25.8,41.7,180.0,17,4,1
F-1710,Office,7,6,79.5,9,,0,29.2,85.0,367.0,256,0,0
F-1711,School,3,10,50.6,2,10.0,1,28.3,65.9,332.0,116,4,0
F-1712,Hotel,0,1,71.7,7,9.0,1,26.6,62.1,237.0,148,1,0
F-1713,Office,3,11,43.4,2,5.0,0,28.3,46.0,249.0,264,3,1
F-1714,Hotel,4,1,65.8,6,,0,24.2,60.2,516.0,200,1,0
F-1715,Restaurant,1,0,49.4,4,4.0,0,30.7,68.2,448.0,58,1,1
F-1716,School,5,0,68.6,8,7.0,0,29.1,66.0,243.0,399,1,0
F-1717,Restaurant,5,2,61.0,6,1.0,1,20.6,51.8,899.0,286,1,1
F-1718,School,0,10,48.6,5,7.0,2,25.3,59.3,129.0,147,1,1
F-1719,Office,3,3,58.1,7,2.0,0,17.8,52.6,87.0,250,1,0
F-1720,School,4,9,53.2,5,3.0,2,30.1,80.0,199.0,64,1,1
F-1721,Hospital,2,5,46.3,1,9.0,0,24.9,70.7,154.0,174,0,1
F-1722,Restaurant,6,1,89.5,6,3.0,2,29.4,53.7,36.0,172,2,0
F-1723,Office,2,5,63.5,8,5.0,3,23.6,46.0,127.0,152,1,1
F-1724,Restaurant,1,2,,5,10.0,1,16.6,63.3,255.0,196,0,1
F-1725,Restaurant,3,3,58.8,2,10.0,1,34.5,54.1,192.0,366,4,1
F-1726,Restaurant,2,6,,1,5.0,4,24.5,55.0,116.0,7,0,1
F-1727,Restaurant,3,9,56.3,3,1.0,0,20.0,46.4,206.0,223,2,1
F-1728,Hospital,3,7,97.0,8,3.0,1,28.6,47.9,218.0,376,2,1
F-1729,School,3,2,54.6,4,7.0,0,32.1,62.0,330.0,356,1,1
F-1730,Restaurant,3,8,79.1,10,4.0,1,23.2,56.8,128.0,359,1,1
F-1731,Restaurant,3,8,88.7,4,8.0,0,23.6,90.0,369.0,167,4,1
F-1732,Restaurant,3,2,,5,10.0,3,25.0,67.1,93.0,229,1,1
F-1733,Hospital,4,10,45.3,8,7.0,2,19.6,46.2,141.0,239,2,1
F-1734,Restaurant,3,10,53.0,7,7.0,3,21.2,41.6,658.0,335,3,1
F-1735,School,3,7,91.1,1,6.0,1,31.1,64.8,98.0,382,2,1
F-1736,Restaurant,4,3,55.5,1,,0,23.5,55.2,126.0,105,3,1
F-1737,Restaurant,3,4,87.6,2,6.0,0,20.6,76.0,83.0,54,1,0
F-1738,Hospital,3,5,62.3,9,10.0,1,22.2,63.4,112.0,109,2,0
F-1739,Hospital,5,2,72.5,1,7.0,2,28.3,36.2,221.0,108,5,0
F-1740,Restaurant,4,3,45.1,1,8.0,2,16.1,47.8,329.0,123,0,1
F-1741,Restaurant,2,1,59.1,8,9.0,3,25.0,51.9,198.0,367,2,1
F-1742,Office,4,1,54.2,7,4.0,2,33.8,65.3,160.0,90,1,0
F-1743,Restaurant,5,8,74.1,10,4.0,0,32.1,47.4,84.0,171,3,0
F-1744,School,3,1,71.7,3,10.0,1,26.3,61.8,120.0,146,0,0
F-1745,Hospital,3,5,78.3,7,5.0,1,29.3,44.0,68.0,112,2,1
F-1746,Restaurant,5,5,61.2,2,8.0,2,29.2,60.1,335.0,82,3,1
F-1747,Hospital,3,0,53.3,6,7.0,0,23.5,64.4,352.0,398,1,1
F-1748,Hotel,1,9,73.3,2,2.0,0,27.7,77.5,195.0,252,2,1
F-1749,Hotel,8,11,51.5,10,4.0,0,31.2,62.9,273.0,45,2,0
F-1750,Restaurant,3,7,89.4,5,4.0,1,18.9,50.2,370.0,263,3,1
F-1751,Restaurant,2,8,67.9,3,2.0,1,26.3,77.9,215.0,246,2,0
F-1752,Restaurant,2,2,64.1,10,8.0,0,25.4,57.8,531.0,146,1,0
F-1753,Hospital,2,10,78.3,1,10.0,2,24.4,69.3,98.0,316,1,1
F-1754,School,1,9,68.6,8,10.0,0,24.1,52.6,157.0,321,1,1
F-1755,Restaurant,2,5,40.2,6,,1,24.9,61.1,144.0,315,1,1
F-1756,Restaurant,2,8,50.9,7,5.0,3,25.3,50.4,315.0,257,1,1
F-1757,Office,4,11,89.0,3,3.0,2,28.5,63.9,73.0,179,1,1
F-1758,Restaurant,4,7,71.5,9,1.0,2,25.9,69.6,552.0,86,2,0
F-1759,Hospital,2,2,39.7,5,7.0,1,23.3,54.1,297.0,22,1,1
F-1760,Hotel,2,3,76.3,5,9.0,1,20.6,,682.0,367,0,1
F-1761,Restaurant,2,2,59.9,5,,0,22.1,64.3,195.0,337,1,1
F-1762,Restaurant,4,3,54.3,3,7.0,0,25.0,50.1,136.0,84,1,1
F-1763,Restaurant,2,10,49.4,4,1.0,0,21.2,41.8,317.0,322,2,1
F-1764,Office,4,2,88.0,2,9.0,0,27.8,64.2,412.0,23,1,0
F-1765,Restaurant,0,10,34.6,5,1.0,0,25.7,58.7,121.0,98,1,1
F-1766,Restaurant,5,3,54.9,5,5.0,1,28.6,,49.0,64,1,0
F-1767,Restaurant,3,5,72.2,4,2.0,2,21.4,66.3,56.0,139,1,1
F-1768,Restaurant,3,6,98.4,10,5.0,1,20.7,67.9,241.0,131,2,0
F-1769,School,7,1,80.0,2,5.0,1,28.5,58.1,589.0,207,2,0
F-1770,Restaurant,2,2,54.8,10,6.0,2,24.5,46.5,81.0,186,1,1
F-1771,School,0,3,97.5,9,9.0,1,23.2,52.3,166.0,50,2,0
F-1772,School,1,0,45.6,1,10.0,2,26.8,67.0,157.0,64,2,1
F-1773,Hotel,4,9,74.8,8,4.0,3,26.6,61.6,768.0,329,0,1
F-1774,Restaurant,3,6,78.8,3,10.0,2,19.0,53.4,974.0,221,1,1
F-1775,Office,2,10,54.1,1,5.0,1,29.5,50.6,270.0,369,1,1
F-1776,School,3,10,82.6,9,2.0,0,22.4,67.4,376.0,56,1,0
F-1777,Restaurant,4,4,60.7,2,7.0,1,30.8,57.3,368.0,126,1,1
F-1778,Hotel,4,9,82.5,3,8.0,2,18.7,69.0,82.0,67,3,1
F-1779,Office,1,0,36.9,1,4.0,2,25.3,,327.0,369,1,1
F-1780,Restaurant,1,5,76.0,2,6.0,3,23.3,56.2,98.0,67,2,1
F-1781,Office,3,7,62.6,1,5.0,1,16.1,71.4,178.0,321,1,0
F-1782,Hospital,2,5,90.7,9,2.0,2,26.6,61.7,445.0,80,2,1
F-1783,School,2,8,69.2,1,4.0,2,16.3,63.2,212.0,292,4,1
F-1784,Office,4,10,92.5,8,,1,22.8,33.7,433.0,184,2,0
F-1785,Hospital,2,5,79.1,2,4.0,1,28.4,48.3,497.0,387,1,0
F-1786,Hotel,2,3,67.7,10,10.0,2,,49.0,59.0,32,1,0
F-1787,Restaurant,5,6,84.2,9,4.0,2,20.4,,44.0,133,1,0
F-1788,Hotel,3,10,84.3,7,7.0,2,27.2,61.4,452.0,290,0,0
F-1789,School,7,11,78.5,9,,2,23.0,61.9,465.0,366,2,1
F-1790,Restaurant,0,9,28.7,3,4.0,0,22.4,63.4,240.0,217,3,1
F-1791,Hospital,3,2,52.3,8,9.0,2,29.1,51.8,264.0,43,2,1
F-1792,Restaurant,3,2,94.9,3,9.0,0,19.3,68.3,374.0,253,0,0
F-1793,Restaurant,4,6,47.4,7,10.0,0,22.2,81.7,369.0,193,0,0
F-1794,Restaurant,2,4,85.9,10,1.0,1,27.5,55.8,162.0,311,5,1
F-1795,Restaurant,3,7,82.7,8,9.0,1,19.1,52.0,391.0,223,2,0
F-1796,Restaurant,2,11,56.9,3,3.0,1,31.1,51.8,157.0,359,0,0
F-1797,Restaurant,4,6,34.1,8,,1,23.1,61.0,238.0,53,2,1
F-1798,Hotel,1,4,59.8,9,1.0,1,27.5,53.7,50000.0,251,1,1
F-1799,Hotel,3,10,100.0,9,8.0,1,27.5,39.2,110.0,296,3,0
F-1800,Hotel,0,5,54.5,8,6.0,0,23.4,42.5,119.0,165,2,1
F-1801,Restaurant,4,7,55.7,8,6.0,1,22.1,72.2,957.0,192,1,0
F-1802,Office,6,1,52.0,8,9.0,1,23.8,75.4,107.0,279,2,1
F-1803,School,2,6,91.9,8,1.0,0,26.9,79.2,260.0,184,2,1
F-1804,Restaurant,1,5,65.6,2,1.0,1,20.1,62.7,301.0,160,2,1
F-1805,Restaurant,0,1,58.7,9,10.0,0,19.2,48.1,193.0,234,3,1
F-1806,School,3,2,95.4,2,7.0,3,29.9,54.7,321.0,322,2,1
F-1807,Restaurant,3,8,80.4,6,8.0,2,21.1,42.1,252.0,58,0,1
F-1808,School,4,2,53.5,4,6.0,2,25.4,41.6,109.0,350,2,1
F-1809,Office,4,1,48.0,3,2.0,2,23.2,63.1,292.0,84,1,1
F-1810,Restaurant,1,0,90.8,3,6.0,5,23.4,66.5,137.0,43,3,1
F-1811,Restaurant,1,0,70.3,1,10.0,1,29.7,83.5,678.0,76,2,1
F-1812,Office,4,5,42.1,5,2.0,1,,59.0,271.0,35,2,1
F-1813,School,1,5,37.9,5,2.0,3,22.6,43.7,123.0,381,1,1
F-1814,Restaurant,1,7,49.9,5,4.0,1,22.9,58.5,255.0,120,0,1
F-1815,Office,5,6,47.7,1,5.0,2,22.0,56.6,105.0,310,2,1
F-1816,Office,6,6,33.2,7,7.0,0,21.3,54.1,240.0,77,1,0
F-1817,School,1,11,50.2,2,2.0,1,22.0,64.1,171.0,214,2,0
F-1818,School,2,2,53.5,9,10.0,3,30.7,45.4,112.0,173,1,1
F-1819,Restaurant,0,8,61.7,1,2.0,0,26.8,61.6,111.0,265,2,1
F-1820,Restaurant,1,0,100.0,1,3.0,2,22.6,67.8,1102.0,395,2,1
F-1821,School,1,10,65.2,4,10.0,1,27.9,77.0,214.0,261,0,1
F-1822,Restaurant,4,4,67.0,5,4.0,0,17.7,63.7,148.0,282,1,1
F-1823,School,2,4,79.2,10,6.0,3,29.5,72.5,131.0,108,2,1
F-1824,Hotel,1,1,,6,5.0,2,29.2,54.7,279.0,53,0,1
F-1825,Restaurant,2,6,77.2,4,3.0,1,32.9,56.3,128.0,39,1,0
F-1826,School,1,4,75.1,9,6.0,0,28.0,76.2,93.0,123,2,1
F-1827,Restaurant,2,11,72.2,3,8.0,2,25.7,,196.0,224,1,0
F-1828,Office,1,2,100.0,9,1.0,0,29.2,55.2,195.0,28,1,0
F-1829,Restaurant,6,5,86.4,5,9.0,1,21.5,73.5,150.0,108,4,0
F-1830,School,1,10,,4,2.0,1,22.4,57.5,107.0,254,0,1
F-1831,School,2,9,76.7,4,10.0,1,23.7,56.6,152.0,350,0,0
F-1832,Hospital,2,9,55.7,1,10.0,2,29.5,56.8,144.0,395,1,1
F-1833,School,3,6,78.0,7,10.0,2,,61.4,131.0,98,2,0
F-1834,Hotel,2,10,45.2,6,7.0,1,20.2,73.0,243.0,45,1,0
F-1835,School,5,2,50.1,7,10.0,1,,71.1,952.0,231,1,0
F-1836,Hotel,3,9,76.2,7,9.0,1,26.9,60.1,509.0,375,0,0
F-1837,Office,3,6,88.0,1,7.0,0,21.2,73.1,780.0,170,2,1
F-1838,Hospital,8,4,79.0,9,9.0,1,26.7,,135.0,362,0,0
F-1839,School,4,2,85.4,6,4.0,2,29.5,70.3,647.0,298,1,0
F-1840,Restaurant,4,6,76.7,7,9.0,1,28.8,47.7,235.0,360,5,0
F-1841,Hotel,2,0,73.1,1,10.0,5,25.4,80.9,400.0,380,1,1
F-1842,School,3,8,60.9,8,7.0,1,23.6,62.6,276.0,47,2,0
F-1843,Hospital,6,2,84.6,7,2.0,2,30.9,27.0,158.0,167,1,0
F-1844,Restaurant,2,4,88.4,4,3.0,3,24.1,79.9,332.0,24,1,1
F-1845,Office,2,2,68.9,10,2.0,2,27.8,60.1,281.0,22,1,0
F-1846,Hospital,3,5,67.9,7,6.0,2,31.8,55.3,58.0,192,4,1
F-1847,School,2,4,98.6,10,5.0,1,27.3,52.7,184.0,266,1,0
F-1848,Restaurant,3,2,69.6,9,9.0,3,20.0,65.3,369.0,354,2,1
F-1849,Office,0,10,71.4,3,3.0,1,19.0,49.3,243.0,56,0,1
F-1850,Restaurant,3,9,78.7,10,2.0,1,22.8,53.1,278.0,18,1,0
F-1851,Restaurant,2,4,68.2,8,7.0,1,26.8,53.4,118.0,46,2,0
F-1852,Office,1,0,55.2,2,2.0,2,25.8,56.5,240.0,371,2,1
F-1853,Office,5,10,76.8,8,10.0,0,32.8,53.8,187.0,266,0,0
F-1854,Restaurant,1,8,69.3,5,1.0,0,25.7,70.2,174.0,195,0,1
F-1855,Hospital,5,6,100.0,9,5.0,0,22.7,63.3,125.0,45,3,0
F-1856,Hotel,1,7,84.2,2,10.0,2,19.5,64.7,380.0,151,0,0
F-1857,Office,3,0,59.3,3,6.0,0,28.7,67.3,255.0,55,0,1
F-1858,Hospital,6,5,83.1,4,,2,24.0,58.9,238.0,16,0,0
F-1859,School,5,2,75.5,5,5.0,0,18.0,47.8,842.0,178,2,1
F-1860,Hotel,2,7,93.6,7,8.0,1,24.1,81.7,279.0,203,1,1
F-1861,Hotel,4,11,60.6,3,8.0,3,20.0,71.1,464.0,183,2,1
F-1862,Hotel,3,6,73.4,8,6.0,0,22.3,79.4,243.0,349,1,0
F-1863,School,1,7,68.2,1,2.0,2,24.0,72.4,156.0,365,0,1
F-1864,Restaurant,4,8,71.1,4,10.0,1,20.4,54.5,95.0,53,3,1
F-1865,Office,2,11,54.1,7,1.0,3,22.0,31.8,237.0,114,1,0
F-1866,Office,3,0,80.4,3,4.0,2,21.0,45.3,31.0,202,2,1
F-1867,Hotel,2,3,77.5,5,7.0,1,21.1,67.6,242.0,163,0,0
F-1868,Restaurant,5,3,93.1,7,8.0,1,20.0,,250.0,177,2,0
F-1869,Restaurant,3,8,69.8,3,6.0,0,22.1,55.0,172.0,284,1,1
F-1870,Hotel,1,5,62.6,10,5.0,0,20.4,30.1,188.0,76,2,0
F-1871,Restaurant,3,9,84.2,9,5.0,1,26.3,59.8,83.0,331,0,1
F-1872,Office,3,5,55.7,10,10.0,1,24.8,47.0,528.0,109,1,0
F-1873,Hospital,2,11,89.5,5,,2,28.8,51.3,158.0,142,2,0
F-1874,Hotel,2,9,89.5,4,9.0,1,31.5,70.2,101.0,92,2,0
F-1875,Office,2,0,92.6,10,1.0,1,26.7,47.7,293.0,254,0,1
F-1876,Hospital,3,11,76.8,8,7.0,0,25.8,48.8,216.0,279,1,0
F-1877,Restaurant,2,11,61.2,8,7.0,0,27.0,62.2,156.0,251,0,1
F-1878,School,7,0,72.0,2,7.0,4,,70.5,145.0,199,0,1
F-1879,School,3,4,76.8,9,5.0,0,24.2,55.2,200.0,124,1,1
F-1880,Hospital,3,11,59.9,6,7.0,0,23.9,77.6,514.0,276,3,1
F-1881,School,5,10,94.0,8,5.0,2,19.9,44.7,278.0,51,2,0
F-1882,Office,4,5,80.4,9,6.0,0,27.4,42.6,196.0,128,4,0
F-1883,Hospital,4,6,53.9,2,9.0,2,23.9,41.5,364.0,274,2,1
F-1884,Restaurant,2,0,100.0,1,7.0,2,29.8,40.2,204.0,278,3,1
F-1885,Hospital,1,6,,1,8.0,2,27.7,64.0,265.0,110,0,1
F-1886,Hospital,1,7,50.3,7,10.0,1,21.5,48.3,223.0,139,0,0
F-1887,Restaurant,1,4,55.1,10,,0,29.0,43.1,303.0,130,0,0
F-1888,Restaurant,3,3,96.8,1,6.0,0,13.8,64.6,147.0,355,2,0
F-1889,School,2,9,100.0,2,7.0,0,31.7,69.9,90.0,231,3,1
F-1890,Restaurant,3,5,88.2,5,7.0,0,18.6,72.6,378.0,51,1,0
F-1891,Office,4,3,93.7,4,2.0,3,26.0,70.5,574.0,68,1,1
F-1892,Restaurant,0,4,91.9,2,,2,25.7,49.0,93.0,32,2,1
F-1893,Restaurant,5,5,80.0,7,2.0,0,28.5,63.3,227.0,100,2,0
F-1894,Hotel,4,3,75.9,10,5.0,0,22.7,66.0,146.0,92,1,0
F-1895,Office,4,6,79.7,3,8.0,1,15.4,54.3,372.0,181,1,0
F-1896,Restaurant,0,10,83.2,1,3.0,1,22.7,62.0,238.0,300,0,1
F-1897,Restaurant,1,8,56.7,3,2.0,2,23.1,45.0,2057.0,352,4,1
F-1898,Restaurant,2,2,83.2,2,7.0,2,15.8,52.5,162.0,225,0,1
F-1899,School,3,5,96.3,5,3.0,2,24.2,64.5,588.0,310,1,1
F-1900,Hospital,2,6,66.3,2,9.0,4,19.7,78.1,629.0,263,2,1
F-1901,Restaurant,3,8,64.4,4,9.0,0,26.6,73.8,291.0,130,0,1
F-1902,Restaurant,2,9,78.6,2,4.0,0,23.0,67.9,206.0,246,0,0
F-1903,Hospital,2,5,58.3,7,8.0,5,31.8,61.0,214.0,124,1,1
F-1904,Office,3,3,,5,3.0,0,23.0,59.1,202.0,126,1,1
F-1905,School,4,7,90.7,1,10.0,2,25.7,42.6,443.0,395,1,0
F-1906,Hospital,4,1,61.9,1,3.0,2,,50.0,109.0,364,1,1
F-1907,Restaurant,4,8,70.3,5,9.0,3,17.5,50.4,179.0,263,0,0
F-1908,Restaurant,5,10,59.0,6,8.0,1,23.2,,164.0,239,0,0
F-1909,Restaurant,5,8,93.0,2,4.0,4,27.0,71.3,60.0,275,0,1
F-1910,Hotel,2,5,85.4,4,9.0,1,26.4,68.8,365.0,302,2,1
F-1911,Office,4,9,65.7,7,7.0,0,22.8,74.2,422.0,26,4,0
F-1912,Office,2,6,48.8,5,7.0,4,18.2,60.9,129.0,146,6,1
F-1913,Office,2,6,63.8,2,4.0,0,26.6,48.2,412.0,46,0,1
F-1914,Office,2,10,80.3,4,3.0,0,25.7,59.4,66.0,214,2,0
F-1915,Office,2,2,73.4,2,7.0,1,27.4,51.3,204.0,121,0,0
F-1916,Restaurant,3,9,72.0,10,1.0,0,22.9,,183.0,135,2,1
F-1917,Restaurant,6,8,73.8,9,4.0,1,17.3,55.7,213.0,337,0,0
F-1918,Restaurant,5,6,83.7,4,2.0,1,26.1,58.8,212.0,85,0,0
F-1919,School,4,0,69.2,3,1.0,1,24.0,68.3,190.0,364,3,1
F-1920,Restaurant,5,9,78.1,2,1.0,1,29.6,51.1,153.0,171,1,0
F-1921,Hotel,1,2,52.2,8,1.0,0,24.1,71.6,186.0,80,4,1
F-1922,School,4,10,100.0,10,10.0,2,23.8,43.8,520.0,61,0,0
F-1923,School,3,9,64.9,3,8.0,2,25.7,63.7,134.0,287,1,0
F-1924,Restaurant,4,4,73.7,7,10.0,0,21.6,58.9,971.0,361,2,1
F-1925,Restaurant,3,5,80.2,3,1.0,2,21.4,69.9,128.0,350,1,1
F-1926,Restaurant,4,0,62.6,10,10.0,2,23.6,43.5,237.0,72,2,1
F-1927,Office,3,5,70.1,3,6.0,0,20.3,41.6,299.0,352,1,0
F-1928,School,2,0,69.9,1,8.0,0,,69.0,163.0,94,4,1
F-1929,Hotel,1,11,53.5,9,9.0,0,31.8,55.3,527.0,186,0,0
F-1930,Restaurant,2,7,,10,3.0,3,28.2,58.9,293.0,7,0,1
F-1931,Hospital,1,2,40.3,4,8.0,2,25.2,52.1,174.0,107,3,1
F-1932,Hospital,5,9,100.0,10,7.0,1,30.2,71.0,523.0,131,0,0
F-1933,Hotel,2,0,84.3,3,5.0,0,20.7,63.6,98.0,382,2,0
F-1934,Hotel,3,6,81.5,3,5.0,0,85.0,62.9,135.0,114,2,0
F-1935,Restaurant,3,1,38.7,6,3.0,1,22.2,46.0,297.0,114,2,0
F-1936,Office,4,0,55.7,7,2.0,0,32.0,66.0,351.0,112,1,0
F-1937,Restaurant,0,2,95.0,4,10.0,1,32.0,48.1,251.0,104,1,1
F-1938,Office,2,3,100.0,8,8.0,3,17.0,52.1,183.0,218,2,0
F-1939,Restaurant,6,8,91.5,8,6.0,2,29.9,43.6,168.0,86,1,0
F-1940,Restaurant,4,10,88.7,2,7.0,2,22.9,58.1,442.0,119,0,0
F-1941,Hotel,5,9,79.4,10,5.0,0,21.7,72.8,237.0,215,2,0
F-1942,Restaurant,2,8,54.7,2,3.0,2,26.1,62.7,109.0,303,0,1
F-1943,Hospital,1,6,87.9,6,10.0,0,20.0,54.7,104.0,47,1,0
F-1944,Hospital,3,4,50.2,5,10.0,0,26.0,61.3,578.0,142,3,0
F-1945,Restaurant,4,3,48.2,5,3.0,2,20.2,61.2,121.0,230,2,1
F-1946,Hotel,2,11,47.1,2,9.0,2,,60.8,242.0,367,1,0
F-1947,Office,2,6,87.6,4,5.0,1,29.3,62.1,516.0,377,0,1
F-1948,Office,5,6,69.0,1,8.0,1,25.5,47.5,293.0,349,0,0
F-1949,Restaurant,5,0,71.8,10,2.0,1,22.6,61.3,118.0,204,0,0
F-1950,School,3,5,69.7,2,,3,26.2,38.9,98.0,43,1,0
F-1951,Restaurant,2,8,49.7,5,2.0,1,18.4,,742.0,386,0,1
F-1952,Restaurant,2,5,,3,9.0,3,20.6,46.8,97.0,250,0,0
F-1953,Restaurant,5,7,58.8,2,4.0,0,22.3,74.1,136.0,362,0,0
F-1954,Office,5,9,44.7,4,3.0,1,27.1,30.7,260.0,368,2,0
F-1955,Office,8,0,60.9,10,7.0,0,25.6,80.1,172.0,317,0,0
F-1956,Hotel,4,10,50.5,5,10.0,1,26.1,40.3,299.0,170,1,0
F-1957,School,3,9,80.4,10,4.0,0,23.9,45.6,72.0,245,0,0
F-1958,Hospital,2,5,81.9,9,8.0,0,20.8,63.6,173.0,277,1,0
F-1959,School,1,9,46.7,5,,1,30.0,67.4,322.0,352,2,1
F-1960,School,4,0,64.7,10,5.0,0,21.2,56.6,323.0,94,0,0
F-1961,Hospital,3,3,100.0,4,9.0,2,25.7,70.7,134.0,224,0,1
F-1962,Restaurant,5,1,52.3,6,2.0,1,23.6,50.4,98.0,240,4,1
F-1963,Restaurant,0,7,77.7,7,9.0,3,26.3,55.2,233.0,86,0,1
F-1964,Office,3,10,71.9,6,,1,21.6,56.4,80.0,163,1,0
F-1965,Hospital,8,7,89.7,9,1.0,2,28.2,53.5,492.0,370,2,0
F-1966,Office,3,8,75.3,2,10.0,2,29.5,36.8,224.0,11,0,0
F-1967,Restaurant,3,1,62.2,5,8.0,2,28.0,59.7,123.0,203,2,1
F-1968,School,5,11,71.2,7,9.0,3,24.6,58.6,96.0,245,0,0
F-1969,Restaurant,5,2,71.5,4,2.0,3,22.3,72.9,129.0,363,3,1
F-1970,Restaurant,2,6,68.3,9,8.0,2,35.3,44.6,67.0,116,1,0
F-1971,Restaurant,5,8,46.3,4,7.0,1,20.0,52.3,283.0,160,1,0
F-1972,Restaurant,5,10,92.4,4,10.0,2,27.5,74.4,114.0,36,0,0
F-1973,Office,2,11,,4,4.0,1,25.3,63.5,265.0,137,2,0
F-1974,Restaurant,4,7,51.2,7,10.0,2,23.7,66.6,292.0,398,1,1
F-1975,School,3,6,64.6,2,8.0,2,24.7,65.4,394.0,307,3,1
F-1976,Hospital,3,5,65.9,2,3.0,0,,65.5,239.0,174,1,0
F-1977,Hospital,2,6,49.2,8,3.0,2,25.7,81.9,440.0,255,2,1
F-1978,School,4,8,36.4,3,10.0,2,25.3,61.1,529.0,385,3,1
F-1979,Restaurant,4,7,57.9,2,7.0,1,34.7,47.9,240.0,178,1,1
F-1980,Office,1,7,63.6,3,2.0,1,28.3,67.7,250.0,121,1,0
F-1981,Hotel,4,5,44.1,4,2.0,1,26.1,53.2,136.0,352,1,1
F-1982,Hotel,1,2,73.2,1,9.0,0,26.3,58.7,100.0,340,2,0
F-1983,Hospital,6,0,90.9,9,2.0,2,31.4,64.4,491.0,209,2,0
F-1984,Restaurant,2,5,85.2,2,3.0,1,20.1,50.1,306.0,9,1,1
F-1985,Office,1,4,67.7,5,7.0,1,23.3,,324.0,10,0,0
F-1986,Restaurant,2,7,,3,9.0,1,16.4,65.7,132.0,51,2,1
F-1987,Restaurant,2,10,82.9,3,4.0,3,26.2,53.4,624.0,278,2,1
F-1988,Restaurant,4,8,72.6,1,7.0,0,,71.7,171.0,74,1,0
F-1989,Hotel,0,9,77.6,10,8.0,0,20.0,48.2,114.0,29,5,0
F-1990,School,1,6,,10,7.0,1,29.7,48.1,134.0,274,0,0
F-1991,Hotel,3,11,55.2,2,7.0,1,21.1,82.9,602.0,195,5,1
F-1992,Hotel,2,11,18.3,2,3.0,2,22.6,41.6,92.0,214,1,1
F-1993,Restaurant,3,1,51.0,9,7.0,4,24.5,59.7,118.0,80,3,1
F-1994,Office,2,7,78.7,5,1.0,1,30.4,82.2,1524.0,89,2,1
F-1995,Hospital,3,6,70.5,1,8.0,2,,59.7,387.0,100,1,0
F-1996,School,3,11,48.1,2,8.0,0,25.2,76.2,120.0,259,3,1
F-1997,Restaurant,3,7,44.4,5,8.0,1,27.1,,94.0,392,2,0
F-1998,Office,5,0,63.6,6,1.0,2,26.3,59.9,62.0,366,1,1
F-1999,Restaurant,1,2,47.6,7,10.0,0,26.4,58.4,214.0,49,1,0
F-2000,Restaurant,3,1,79.4,2,5.0,1,85.0,34.6,333.0,273,2,1
F-2001,Hospital,3,2,62.6,4,1.0,3,21.8,56.2,580.0,304,2,1
F-2002,Restaurant,3,1,58.7,3,6.0,1,30.8,62.8,53.0,21,0,0
F-2003,Restaurant,2,9,56.4,6,6.0,1,23.6,62.8,79.0,256,3,1
F-2004,School,5,5,74.7,4,5.0,2,23.0,89.6,184.0,180,1,1
F-2005,Hospital,1,8,,3,8.0,1,29.4,63.4,1410.0,82,4,1
F-2006,Office,1,11,73.6,9,6.0,0,21.5,67.6,372.0,316,1,0
F-2007,Restaurant,4,7,73.2,6,3.0,2,25.3,74.0,260.0,374,0,1
F-2008,Hotel,1,5,68.7,5,7.0,1,21.1,66.5,85.0,241,4,1
F-2009,Hospital,3,3,51.4,2,3.0,2,34.1,59.0,45.0,84,0,1
F-2010,School,2,9,56.9,1,2.0,3,33.2,59.0,206.0,174,0,1
F-2011,School,2,6,62.9,8,3.0,1,23.6,55.8,187.0,208,1,1
F-2012,Hospital,3,9,100.0,10,10.0,0,26.1,65.3,166.0,361,0,0
F-2013,Office,3,0,45.7,6,6.0,2,24.0,58.0,153.0,317,0,1
F-2014,Restaurant,5,1,62.5,1,,4,22.6,67.5,119.0,269,1,1
F-2015,Restaurant,3,1,71.8,5,4.0,1,24.5,47.9,101.0,306,1,0
F-2016,School,4,8,64.5,3,9.0,1,23.8,61.8,530.0,279,3,0
F-2017,Hotel,3,6,89.3,1,7.0,1,17.9,78.6,108.0,131,1,1
F-2018,Restaurant,8,3,64.4,2,8.0,2,25.1,57.3,165.0,57,2,1
F-2019,Hospital,2,3,65.8,5,7.0,0,23.8,82.1,195.0,336,1,1
F-2020,Office,1,7,84.7,5,10.0,0,25.2,62.0,328.0,223,3,0
F-2021,Hotel,7,11,100.0,6,7.0,1,23.7,59.3,110.0,385,1,1
F-2022,Office,2,11,95.3,7,5.0,1,22.6,61.4,397.0,274,2,1
F-2023,School,6,5,67.5,3,3.0,2,27.5,56.3,134.0,192,3,1
F-2024,School,4,8,69.1,3,1.0,3,26.1,36.2,179.0,260,0,1
F-2025,Restaurant,3,1,70.8,7,8.0,0,29.6,70.6,633.0,262,0,0
F-2026,Office,1,11,72.6,2,10.0,2,26.0,86.3,102.0,392,1,1
F-2027,Hospital,5,0,54.7,1,7.0,0,23.2,65.8,332.0,148,0,0
F-2028,Hotel,1,4,86.9,9,,0,26.5,66.5,405.0,155,2,0
F-2029,Hospital,5,8,73.7,3,2.0,1,16.1,57.8,249.0,144,1,0
F-2030,School,3,11,69.2,2,7.0,2,32.4,73.9,185.0,47,4,1
F-2031,Hotel,2,2,47.1,8,3.0,0,,59.5,887.0,190,1,1
F-2032,School,0,7,71.1,6,7.0,0,32.7,63.2,198.0,180,2,0
F-2033,Office,4,2,35.9,2,4.0,1,20.5,41.2,231.0,82,1,0
F-2034,Hospital,2,0,59.5,9,9.0,3,,53.6,158.0,327,3,1
F-2035,School,3,5,59.9,3,10.0,2,25.5,64.4,223.0,277,2,1
F-2036,Restaurant,1,6,75.2,7,3.0,1,25.5,70.9,393.0,100,2,1
F-2037,Hospital,1,3,100.0,7,4.0,2,25.4,71.2,165.0,70,1,0
F-2038,Hospital,0,11,80.3,9,10.0,0,24.7,41.0,46.0,249,3,1
F-2039,Restaurant,3,7,96.1,8,1.0,2,21.5,42.3,287.0,7,2,0
F-2040,Restaurant,1,5,81.6,8,6.0,0,18.1,67.0,94.0,64,2,0
F-2041,School,2,5,90.3,1,2.0,0,25.1,51.0,337.0,178,2,1
F-2042,School,1,5,100.0,10,5.0,2,18.9,70.7,200.0,396,4,1
F-2043,School,2,1,56.8,2,1.0,1,18.5,40.4,388.0,35,2,1
F-2044,Restaurant,3,7,55.7,3,2.0,1,22.5,58.8,103.0,213,0,1
F-2045,Restaurant,2,9,82.0,5,5.0,2,25.7,59.6,138.0,227,1,1
F-2046,Restaurant,2,5,69.9,3,1.0,1,32.0,65.8,158.0,104,2,1
F-2047,Hotel,2,5,74.0,6,8.0,0,27.9,47.6,71.0,210,1,0
F-2048,Office,4,10,65.5,1,6.0,2,29.7,36.4,436.0,255,1,1
F-2049,Restaurant,3,7,59.3,5,5.0,1,26.6,62.1,64.0,59,5,1
F-2050,School,2,3,99.2,4,5.0,2,,66.3,432.0,381,1,1
F-2051,Restaurant,4,0,50.2,7,,2,34.0,72.1,270.0,102,0,0
F-2052,Restaurant,2,9,,6,9.0,1,18.7,55.7,174.0,150,1,0
F-2053,Restaurant,1,7,79.4,8,1.0,0,22.3,69.3,255.0,14,3,1
F-2054,Restaurant,2,7,41.6,2,7.0,2,22.7,65.8,250.0,239,1,1
F-2055,School,2,3,55.0,10,5.0,0,27.6,75.9,151.0,239,2,1
F-2056,Office,2,2,58.1,4,8.0,0,20.1,59.3,247.0,50,2,1
F-2057,Restaurant,3,5,80.2,4,8.0,0,27.1,39.2,334.0,120,0,0
F-2058,School,2,9,63.4,6,8.0,1,26.3,,103.0,307,1,1
F-2059,Hotel,2,3,68.5,2,7.0,3,27.3,61.1,255.0,286,2,1
F-2060,Office,1,6,43.8,9,3.0,4,27.2,66.2,32.0,126,1,1
F-2061,School,6,11,100.0,3,9.0,0,30.2,41.6,52.0,253,1,0
F-2062,Restaurant,4,2,71.3,10,8.0,3,23.8,56.3,297.0,300,1,0
F-2063,School,1,2,79.0,2,,0,26.1,70.4,150.0,152,4,1
F-2064,Restaurant,0,2,60.3,9,3.0,2,21.1,58.8,110.0,74,2,1
F-2065,Office,0,10,58.3,4,6.0,2,20.1,56.3,193.0,13,3,1
F-2066,Hospital,6,6,100.0,7,4.0,0,31.1,82.9,152.0,382,1,0
F-2067,School,5,11,35.5,9,7.0,2,20.8,47.2,100.0,131,2,1
F-2068,Restaurant,5,11,75.0,2,5.0,0,26.6,,64.0,323,1,0
F-2069,Hospital,2,5,48.2,4,2.0,0,26.1,72.3,51.0,133,2,0
F-2070,Office,4,0,,10,4.0,1,28.7,57.3,336.0,286,0,0
F-2071,School,5,3,58.5,2,9.0,0,17.4,59.6,149.0,136,2,0
F-2072,Hospital,2,6,52.3,2,9.0,1,27.6,59.6,395.0,244,2,0
F-2073,Office,2,4,70.6,6,4.0,4,23.8,62.2,148.0,381,1,1
F-2074,Office,5,0,23.8,1,8.0,1,21.6,52.9,257.0,302,3,0
F-2075,Restaurant,2,11,64.3,10,1.0,0,23.0,54.9,184.0,70,2,0
F-2076,School,1,3,68.4,10,10.0,1,28.1,55.7,207.0,211,3,1
F-2077,Hospital,1,7,45.5,2,8.0,0,26.9,56.1,214.0,111,0,1
F-2078,School,3,11,97.2,2,1.0,1,23.5,56.3,147.0,91,0,0
F-2079,Restaurant,3,6,59.3,8,8.0,0,19.4,33.1,85.0,333,0,0
F-2080,Restaurant,2,8,65.7,6,5.0,0,19.7,61.2,343.0,393,2,0
F-2081,Office,2,0,59.3,9,9.0,0,27.0,53.7,611.0,370,0,0
F-2082,Office,2,8,68.5,10,3.0,1,18.9,37.6,640.0,336,1,0
F-2083,Hotel,5,10,93.5,5,9.0,0,23.5,55.8,136.0,189,0,0
F-2084,Office,1,11,100.0,3,9.0,3,34.7,55.4,120.0,212,1,1
F-2085,Hotel,5,1,83.4,7,3.0,3,25.8,75.3,136.0,218,2,1
F-2086,Hotel,0,2,89.6,7,5.0,0,27.0,53.5,177.0,295,0,0
F-2087,Hotel,2,0,100.0,5,7.0,0,19.8,68.0,193.0,25,1,0
F-2088,Hospital,5,11,74.5,3,3.0,1,19.1,76.6,100.0,331,2,1
F-2089,Hospital,5,3,98.3,3,10.0,1,27.2,52.5,71.0,324,1,0
F-2090,Restaurant,3,6,84.3,6,2.0,1,22.9,59.4,207.0,398,2,1
F-2091,School,1,5,72.6,5,3.0,1,28.7,80.7,17.0,239,0,1
F-2092,Restaurant,2,8,76.3,5,6.0,2,24.6,62.7,187.0,185,3,1
F-2093,Restaurant,1,10,37.2,1,5.0,4,38.2,,103.0,194,3,1
F-2094,School,0,3,75.3,9,1.0,4,22.1,55.1,346.0,249,3,1
F-2095,Hospital,3,9,42.2,8,,0,25.6,68.2,417.0,124,2,0
F-2096,Restaurant,0,3,40.7,10,3.0,3,20.8,59.5,424.0,311,1,1
F-2097,Hotel,4,2,73.5,9,2.0,1,28.5,38.0,157.0,180,1,0
F-2098,Office,3,1,49.9,7,6.0,1,26.2,55.7,91.0,116,0,0
F-2099,Restaurant,6,4,69.9,4,10.0,2,20.6,45.8,113.0,295,1,0
F-2100,Restaurant,6,6,72.5,7,1.0,2,23.1,61.3,245.0,138,3,1
F-2101,Restaurant,3,9,73.3,6,5.0,3,29.9,49.0,63.0,36,1,1
F-2102,Hotel,3,10,53.7,10,10.0,0,29.4,65.7,531.0,211,2,0
F-2103,Hotel,4,6,86.2,3,9.0,1,18.7,60.5,159.0,205,1,0
F-2104,Restaurant,4,4,68.4,1,2.0,2,22.5,45.0,284.0,120,1,1
F-2105,Hotel,4,2,77.9,2,7.0,2,31.7,54.1,58.0,18,1,1
F-2106,Restaurant,2,10,48.5,2,9.0,0,23.7,67.4,105.0,192,2,1
F-2107,Hospital,4,4,66.8,7,7.0,1,25.1,73.8,53.0,310,0,1
F-2108,Office,4,9,89.8,2,7.0,0,28.5,49.2,409.0,321,1,0
F-2109,Restaurant,3,7,87.5,2,8.0,1,19.1,46.8,179.0,88,0,0
F-2110,Restaurant,5,11,55.6,4,5.0,2,20.6,83.4,299.0,174,2,1
F-2111,Hospital,5,11,,8,1.0,1,23.1,59.9,209.0,361,1,1
F-2112,School,5,8,52.2,5,7.0,3,29.2,61.1,278.0,141,1,1
F-2113,Office,4,7,58.2,3,7.0,1,28.5,51.1,158.0,193,1,0
F-2114,Office,2,1,44.8,3,9.0,0,27.3,62.6,174.0,273,1,0
F-2115,Restaurant,3,0,,9,10.0,0,23.8,80.6,188.0,185,3,1
F-2116,Restaurant,3,6,81.4,5,4.0,0,28.9,63.1,266.0,337,2,0
F-2117,Hotel,3,8,55.9,4,10.0,1,23.8,72.8,271.0,147,2,1
F-2118,Restaurant,3,8,68.4,8,1.0,2,26.7,60.3,1434.0,199,2,1
F-2119,Office,5,3,66.0,4,10.0,0,28.0,47.7,650.0,208,0,0
F-2120,School,1,6,89.0,4,2.0,1,31.2,51.8,58.0,299,1,0
F-2121,Restaurant,2,10,59.0,8,7.0,0,24.2,46.6,181.0,138,2,0
F-2122,Hotel,2,1,59.6,4,7.0,3,22.9,62.6,151.0,113,1,1
F-2123,Restaurant,4,4,54.8,6,7.0,1,29.6,74.7,491.0,147,1,1
F-2124,Hospital,2,11,49.5,7,,1,29.9,61.9,161.0,96,0,0
F-2125,School,0,2,79.5,3,6.0,1,22.2,56.3,277.0,82,2,1
F-2126,School,4,3,67.6,2,2.0,1,20.0,50.5,39.0,328,1,1
F-2127,School,2,5,71.0,9,7.0,0,,64.3,69.0,141,2,0
F-2128,School,4,8,92.9,3,3.0,3,17.8,45.1,867.0,111,1,0
F-2129,Office,4,3,94.0,4,7.0,0,17.6,46.4,208.0,325,1,0
F-2130,Office,3,9,40.4,6,,1,23.3,70.8,100.0,316,2,0
F-2131,School,0,2,81.7,2,1.0,1,24.4,56.7,237.0,102,1,1
F-2132,Restaurant,1,4,,1,7.0,2,19.8,56.4,96.0,125,4,1
F-2133,Hotel,2,6,61.7,5,1.0,1,24.9,58.0,164.0,329,3,1
F-2134,Office,1,0,75.9,10,4.0,0,25.1,68.7,72.0,114,1,0
F-2135,Restaurant,4,9,,6,7.0,1,22.1,62.0,115.0,345,1,0
F-2136,Hospital,6,8,96.3,6,9.0,2,32.1,51.1,150.0,248,2,0
F-2137,Hospital,2,10,79.3,7,4.0,3,25.7,51.5,439.0,268,1,1
F-2138,Restaurant,3,3,54.4,9,3.0,1,28.5,57.7,277.0,215,1,0
F-2139,School,4,4,,9,4.0,0,18.2,63.6,50000.0,17,2,0
F-2140,Hospital,4,10,39.3,1,6.0,0,18.1,59.6,197.0,330,3,1
F-2141,Hotel,4,0,64.3,6,2.0,2,25.8,58.5,356.0,226,2,0
F-2142,Hotel,7,5,61.3,6,6.0,1,31.4,60.6,109.0,73,1,0
F-2143,Hotel,0,5,46.1,3,9.0,3,20.0,,120.0,334,0,1
F-2144,Hospital,3,5,84.0,10,1.0,1,24.6,50.6,266.0,120,7,1
F-2145,Restaurant,6,5,93.0,3,10.0,1,19.1,73.3,165.0,149,1,0
F-2146,Hotel,1,8,69.5,9,6.0,2,21.1,54.2,198.0,257,0,0
F-2147,Hotel,4,2,64.5,2,7.0,0,24.8,61.6,179.0,116,0,0
F-2148,Hospital,1,10,77.8,7,7.0,2,22.0,35.3,482.0,7,6,1
F-2149,Office,3,10,69.6,8,10.0,1,18.8,57.4,500.0,131,1,0
F-2150,Restaurant,5,2,50.5,6,7.0,2,18.7,46.8,129.0,274,2,0
F-2151,Office,1,11,58.3,2,9.0,1,16.5,48.3,58.0,172,4,1
F-2152,Restaurant,3,3,64.7,2,3.0,1,25.9,89.1,122.0,286,1,0
F-2153,Restaurant,2,0,74.5,7,3.0,1,26.4,63.0,107.0,32,1,1
F-2154,School,3,4,70.2,9,7.0,1,26.4,74.7,359.0,106,2,1
F-2155,Restaurant,3,9,73.8,6,,1,20.4,70.3,382.0,98,3,1
F-2156,Restaurant,3,10,42.6,2,2.0,2,28.0,71.8,97.0,30,0,1
F-2157,Restaurant,0,7,82.0,8,3.0,2,26.8,57.6,118.0,260,2,1
F-2158,Hospital,1,9,,5,3.0,3,24.0,79.3,71.0,88,3,1
F-2159,Hotel,3,3,100.0,1,1.0,1,23.4,70.2,220.0,191,2,1
F-2160,Restaurant,2,10,63.0,4,8.0,2,21.4,60.5,194.0,396,1,1
F-2161,School,4,7,,3,6.0,0,24.8,63.2,348.0,102,0,0
F-2162,Hotel,4,1,100.0,10,3.0,0,30.5,58.4,284.0,81,0,0
F-2163,Restaurant,4,1,73.5,10,3.0,2,28.6,60.6,307.0,372,1,0
F-2164,Restaurant,2,3,68.8,2,10.0,3,23.0,59.5,68.0,146,5,1
F-2165,Office,2,0,52.2,6,10.0,1,26.2,64.6,129.0,121,0,0
F-2166,Hotel,3,3,97.5,1,2.0,1,19.6,80.9,389.0,289,1,1
F-2167,School,2,11,49.1,5,7.0,0,26.9,45.5,137.0,56,2,0
F-2168,Hotel,6,2,77.7,2,4.0,2,20.7,73.7,64.0,154,0,0
F-2169,Restaurant,4,7,61.5,8,4.0,1,26.8,55.6,353.0,83,3,0
F-2170,Hospital,6,11,66.6,1,6.0,1,35.9,75.2,134.0,357,2,1
F-2171,Hotel,2,3,44.4,10,10.0,0,21.7,56.0,422.0,122,2,0
F-2172,Restaurant,5,8,94.2,3,6.0,0,35.7,65.0,198.0,228,1,0
F-2173,Hotel,4,5,65.0,3,,2,26.0,58.1,165.0,211,0,1
F-2174,School,1,3,48.1,9,9.0,1,21.0,,520.0,199,2,0
F-2175,Hotel,0,11,92.5,10,8.0,3,20.8,80.9,80.0,31,1,1
F-2176,Hospital,1,7,60.9,1,8.0,1,33.5,48.7,547.0,108,0,0
F-2177,Hospital,2,5,76.0,2,8.0,1,26.0,61.0,128.0,342,1,1
F-2178,Restaurant,2,9,85.1,9,3.0,2,21.7,47.4,224.0,221,5,1
F-2179,Restaurant,0,10,78.5,10,10.0,2,23.2,44.0,226.0,351,2,1
F-2180,Hotel,3,9,30.5,5,10.0,2,25.7,57.5,149.0,225,1,1
F-2181,Restaurant,3,10,82.5,2,7.0,1,24.0,52.9,118.0,130,3,0
F-2182,Restaurant,3,3,68.2,2,8.0,0,25.4,46.0,155.0,141,0,0
F-2183,Restaurant,0,4,64.1,3,9.0,2,31.1,59.6,98.0,311,1,1
F-2184,Restaurant,1,2,68.0,7,2.0,0,19.5,42.2,791.0,98,3,0
F-2185,Hotel,4,8,41.0,1,1.0,2,26.6,61.5,143.0,241,1,1
F-2186,Hospital,1,9,73.5,7,10.0,1,23.7,58.5,451.0,374,2,1
F-2187,Office,4,7,45.4,9,6.0,2,22.0,30.2,411.0,338,2,1
F-2188,Restaurant,3,7,64.9,2,,2,28.3,53.7,258.0,158,1,0
F-2189,School,3,9,72.8,10,6.0,0,18.2,,182.0,114,1,0
F-2190,Hospital,1,2,89.3,10,6.0,1,14.5,47.2,229.0,250,2,0
F-2191,Hospital,0,4,55.2,3,1.0,1,24.9,66.1,299.0,246,0,1
F-2192,Office,6,8,96.1,2,3.0,0,23.4,65.2,215.0,290,4,0
F-2193,Office,5,0,87.0,4,1.0,0,18.6,47.8,67.0,33,3,0
F-2194,Office,3,10,62.3,3,5.0,0,17.2,59.9,56.0,218,3,0
F-2195,Restaurant,4,2,,3,1.0,0,31.7,69.9,576.0,8,1,1
F-2196,Restaurant,3,9,44.0,10,9.0,2,25.9,49.5,32.0,396,1,1
F-2197,School,2,7,74.9,2,3.0,1,24.1,57.5,230.0,350,1,1
F-2198,Restaurant,1,10,56.7,4,8.0,0,85.0,73.8,170.0,297,0,0
F-2199,Hotel,5,9,91.6,8,1.0,1,28.1,49.7,224.0,121,2,0
F-2200,School,5,6,57.8,1,1.0,1,31.1,65.5,90.0,299,5,1
F-2201,School,2,9,53.8,1,5.0,2,19.3,47.0,256.0,180,0,0
F-2202,Hotel,2,4,74.2,4,8.0,1,19.1,58.1,231.0,261,2,1
F-2203,Hotel,2,7,57.7,10,9.0,0,26.5,65.4,1384.0,96,0,0
F-2204,Restaurant,3,10,70.2,9,6.0,0,,31.1,219.0,192,2,0
F-2205,Restaurant,2,1,87.7,10,7.0,4,29.0,53.6,515.0,351,2,1
F-2206,School,3,4,72.1,9,7.0,5,17.5,65.2,70.0,79,4,1
F-2207,Hospital,7,0,72.2,2,7.0,3,26.8,62.7,409.0,156,0,0
F-2208,Restaurant,3,6,73.7,5,8.0,0,,53.7,235.0,120,5,0
F-2209,Hospital,2,9,39.5,6,1.0,4,,46.7,242.0,75,1,1
F-2210,Hotel,0,0,77.1,2,5.0,1,22.4,67.5,244.0,161,5,1
F-2211,Hotel,5,6,72.9,10,9.0,0,26.1,56.1,661.0,245,1,0
F-2212,School,3,4,,7,5.0,1,20.9,66.5,240.0,26,4,0
F-2213,Hospital,4,9,80.9,9,2.0,2,22.8,64.6,116.0,86,1,0
F-2214,Restaurant,1,2,66.4,3,7.0,1,19.8,54.6,130.0,327,1,1
F-2215,School,1,1,88.6,8,4.0,1,21.0,72.9,355.0,107,4,1
F-2216,Restaurant,4,1,64.7,2,6.0,2,23.0,52.9,274.0,137,3,1
F-2217,School,4,4,74.4,1,6.0,0,22.0,74.3,69.0,270,2,0
F-2218,School,4,5,64.4,7,7.0,0,21.0,75.9,287.0,299,0,0
F-2219,Restaurant,6,11,78.3,1,10.0,1,18.8,72.6,94.0,383,1,0
F-2220,Restaurant,4,5,63.2,3,7.0,0,31.8,57.8,272.0,67,1,0
F-2221,Restaurant,4,2,99.7,8,10.0,1,22.0,90.6,114.0,303,0,0
F-2222,Office,3,8,100.0,5,1.0,0,25.3,61.8,165.0,290,1,0
F-2223,School,1,0,85.7,4,8.0,1,17.0,62.9,137.0,54,1,1
F-2224,Restaurant,6,4,97.7,3,5.0,2,29.4,59.7,580.0,351,1,1
F-2225,Office,4,7,42.3,7,8.0,1,24.7,46.4,265.0,128,2,0
F-2226,Hospital,3,3,44.4,10,1.0,0,22.2,75.5,484.0,172,0,1
F-2227,Hospital,4,7,64.2,8,6.0,1,22.3,53.1,1520.0,319,1,0
F-2228,Office,5,5,70.7,4,1.0,3,27.5,71.0,207.0,211,0,1
F-2229,Restaurant,2,11,66.4,5,7.0,2,12.2,73.9,573.0,113,0,0
F-2230,Restaurant,3,3,40.4,2,3.0,2,20.7,67.2,123.0,132,2,1
F-2231,School,4,10,90.7,2,2.0,0,23.5,51.7,482.0,297,0,0
F-2232,Restaurant,0,7,100.0,3,1.0,0,23.5,55.9,114.0,77,1,1
F-2233,School,2,8,93.1,4,3.0,1,34.0,27.9,198.0,191,2,0
F-2234,Restaurant,5,2,,10,10.0,0,22.6,58.6,292.0,300,2,0
F-2235,Restaurant,3,0,74.1,9,10.0,0,28.0,69.6,326.0,354,1,0
F-2236,Restaurant,8,8,54.8,2,1.0,2,31.2,57.1,82.0,331,1,1
F-2237,Hospital,2,5,71.3,4,,2,26.7,52.9,109.0,146,1,1
F-2238,Restaurant,5,3,100.0,1,6.0,2,21.3,56.4,307.0,83,1,1
F-2239,Restaurant,2,10,63.7,1,4.0,1,18.9,74.6,155.0,374,2,1
F-2240,Office,1,3,61.8,4,10.0,0,27.0,59.3,75.0,240,3,0
F-2241,Restaurant,2,5,89.9,10,3.0,2,30.6,82.3,191.0,165,4,1
F-2242,Hospital,3,8,,2,2.0,0,26.2,53.2,184.0,361,3,0
F-2243,Restaurant,0,11,,7,3.0,3,28.9,62.6,227.0,291,2,1
F-2244,Hospital,5,10,65.3,4,2.0,3,34.4,54.8,290.0,193,1,1
F-2245,Restaurant,2,7,61.0,6,5.0,1,27.3,84.9,278.0,82,1,1
F-2246,School,2,1,71.3,9,2.0,0,19.6,62.2,117.0,37,5,1
F-2247,Restaurant,1,1,89.9,9,3.0,1,24.2,85.5,150.0,214,4,1
F-2248,Office,5,8,55.5,9,4.0,0,,55.0,384.0,50,3,0
F-2249,Office,4,6,89.6,5,7.0,1,23.0,78.3,137.0,127,0,0
F-2250,Restaurant,1,1,71.8,1,9.0,0,30.0,61.4,152.0,274,1,1
F-2251,Restaurant,2,8,,10,1.0,1,23.7,70.0,70.0,10,0,0
F-2252,Restaurant,5,11,75.7,10,7.0,3,25.3,45.4,196.0,395,1,0
F-2253,School,7,0,68.3,9,2.0,0,22.6,64.2,255.0,177,0,0
F-2254,Restaurant,6,9,80.3,5,10.0,1,24.6,47.2,50.0,348,3,0
F-2255,Office,5,4,63.9,3,3.0,2,24.8,63.1,95.0,73,1,0
F-2256,Hotel,1,4,37.7,2,9.0,2,,41.8,74.0,186,0,1
F-2257,Hotel,4,8,65.7,4,8.0,0,22.2,58.9,348.0,383,0,0
F-2258,School,6,2,65.4,4,,1,19.1,73.1,53.0,254,1,0
F-2259,Office,4,1,41.3,3,4.0,2,22.4,66.6,190.0,324,2,1
F-2260,Restaurant,8,11,68.7,10,4.0,3,20.8,45.2,331.0,275,2,0
F-2261,Hospital,4,4,32.8,7,5.0,1,28.0,37.2,228.0,297,2,1
F-2262,Restaurant,3,2,63.7,3,5.0,1,28.1,66.0,147.0,148,2,1
F-2263,Office,2,8,74.4,7,7.0,2,26.2,79.0,255.0,184,4,1
F-2264,School,3,2,71.7,8,5.0,1,18.9,48.4,414.0,24,2,0
F-2265,Hotel,3,9,62.6,6,8.0,0,23.6,85.2,186.0,107,1,0
F-2266,Restaurant,2,0,68.5,10,5.0,2,18.6,59.9,42.0,30,3,1
F-2267,Office,6,6,55.9,10,4.0,1,23.4,36.5,447.0,133,1,0
F-2268,Hospital,4,4,70.2,5,4.0,1,26.6,41.3,265.0,291,1,0
F-2269,Hospital,0,11,71.0,5,8.0,1,,69.2,196.0,85,2,1
F-2270,Office,1,6,53.8,3,2.0,2,25.9,61.6,50.0,194,1,1
F-2271,Hospital,6,11,74.8,8,3.0,1,29.0,77.8,163.0,222,2,0
F-2272,Hospital,8,2,74.7,10,4.0,1,25.0,,109.0,69,2,0
F-2273,School,1,5,67.0,7,7.0,1,23.1,61.4,86.0,325,1,0
F-2274,Restaurant,1,9,100.0,3,2.0,0,27.5,60.1,182.0,309,4,1
F-2275,Restaurant,1,1,67.5,6,5.0,1,27.6,58.3,138.0,79,2,1
F-2276,Restaurant,4,11,65.0,8,7.0,1,21.9,55.4,144.0,19,3,0
F-2277,Restaurant,0,9,62.4,1,10.0,2,25.5,55.6,336.0,6,2,1
F-2278,Office,5,8,52.5,6,5.0,1,,,240.0,120,1,0
F-2279,School,3,2,82.3,7,10.0,1,16.0,63.6,142.0,54,0,0
F-2280,Hospital,1,9,57.6,6,7.0,1,25.8,,130.0,11,2,1
F-2281,Hospital,1,10,59.8,7,8.0,0,18.8,74.5,146.0,187,0,1
F-2282,Hospital,1,3,60.3,9,3.0,0,25.3,45.6,168.0,212,1,0
F-2283,School,2,7,52.3,2,10.0,3,17.9,38.3,302.0,12,2,1
F-2284,Office,4,0,38.5,6,3.0,0,21.1,72.2,97.0,241,1,0
F-2285,Office,4,4,61.7,8,2.0,3,22.3,48.7,556.0,164,2,1
F-2286,Hospital,3,1,85.7,9,1.0,1,28.8,55.4,302.0,84,1,1
F-2287,Restaurant,2,6,73.5,5,7.0,1,21.9,52.7,29.0,48,1,0
F-2288,Hospital,2,6,98.1,10,7.0,1,19.7,52.4,213.0,304,2,0
F-2289,School,2,6,83.5,4,2.0,3,25.5,42.5,415.0,47,0,0
F-2290,Hospital,0,8,79.4,5,9.0,2,23.1,53.2,263.0,84,2,0
F-2291,School,1,11,100.0,9,3.0,1,27.2,67.8,150.0,286,0,1
F-2292,School,6,2,,5,7.0,1,20.0,60.0,192.0,253,4,0
F-2293,Restaurant,2,2,71.1,4,6.0,1,24.8,66.1,227.0,399,1,1
F-2294,Restaurant,4,2,69.8,6,6.0,2,33.9,54.0,343.0,20,1,1
F-2295,Hospital,7,11,97.8,7,8.0,1,23.0,70.8,74.0,81,4,0
F-2296,Restaurant,1,1,70.0,10,10.0,1,24.7,53.9,131.0,266,2,1
F-2297,Restaurant,5,0,58.3,7,8.0,1,17.4,34.7,631.0,95,0,0
F-2298,Hotel,2,1,,2,10.0,0,20.6,63.8,205.0,155,2,0
F-2299,Hospital,1,9,55.3,1,9.0,1,25.8,69.2,584.0,122,1,1
F-2300,Restaurant,2,6,79.6,10,4.0,2,22.7,53.3,1620.0,324,1,1
F-2301,School,1,11,77.4,5,6.0,1,26.5,74.4,142.0,315,2,1
F-2302,Hotel,0,2,66.6,3,2.0,1,25.7,49.8,87.0,323,2,1
F-2303,Restaurant,3,4,80.2,3,10.0,2,18.7,68.0,166.0,204,3,1
F-2304,Hotel,7,6,43.2,2,10.0,1,28.1,80.9,432.0,197,1,0
F-2305,Office,3,0,72.9,2,9.0,1,19.0,60.4,477.0,230,3,0
F-2306,School,5,11,61.7,8,8.0,0,20.9,57.3,983.0,31,0,0
F-2307,School,4,9,100.0,7,9.0,1,24.9,58.7,195.0,220,2,0
F-2308,Restaurant,3,1,72.8,6,8.0,1,30.3,79.5,282.0,114,1,1
F-2309,Office,2,10,59.3,1,3.0,0,20.0,64.8,122.0,375,1,0
F-2310,Hospital,3,5,45.2,7,3.0,1,24.6,85.7,35.0,77,2,1
F-2311,Office,6,4,93.5,10,6.0,2,24.6,63.4,195.0,18,3,0
F-2312,School,7,11,63.7,10,,3,26.6,52.2,89.0,385,0,0
F-2313,Restaurant,2,6,55.8,4,8.0,2,85.0,,314.0,67,3,1
F-2314,Restaurant,5,2,76.1,7,8.0,0,22.4,60.7,54.0,209,2,0
F-2315,School,1,9,81.7,3,10.0,0,,35.5,119.0,155,0,0
F-2316,School,4,8,81.4,9,,4,29.3,54.3,242.0,111,1,0
F-2317,Restaurant,0,2,70.4,10,1.0,1,31.1,54.6,260.0,197,1,1
F-2318,Hotel,3,8,72.9,3,4.0,0,26.0,62.9,194.0,294,1,1
F-2319,Office,3,7,74.2,5,4.0,0,24.6,83.3,740.0,50,4,1
F-2320,Hospital,1,3,76.1,3,,1,22.1,60.7,601.0,266,0,1
F-2321,Hospital,2,5,77.6,7,4.0,1,18.2,36.9,124.0,357,2,1
F-2322,Restaurant,4,10,89.7,3,10.0,1,22.9,49.0,618.0,119,3,0
F-2323,Hotel,5,2,71.0,7,3.0,0,24.4,63.1,688.0,272,4,1
F-2324,Restaurant,2,8,55.3,10,5.0,1,23.6,61.1,184.0,368,1,0
F-2325,Office,4,9,67.4,9,9.0,3,26.4,79.5,207.0,373,3,1
F-2326,Hospital,3,11,83.6,2,4.0,0,18.2,71.5,193.0,260,0,0
F-2327,School,3,3,,2,1.0,2,23.3,71.2,128.0,376,1,1
F-2328,Restaurant,3,3,37.9,9,4.0,0,,57.4,137.0,312,0,1
F-2329,Restaurant,1,11,86.5,1,4.0,2,28.0,73.2,504.0,207,0,1
F-2330,Hotel,2,5,97.4,5,7.0,2,26.5,49.2,272.0,54,2,1
F-2331,Hospital,1,6,47.2,10,8.0,2,25.6,71.6,136.0,341,3,1
F-2332,School,3,6,71.8,5,6.0,1,,56.6,105.0,118,3,1
F-2333,Office,1,6,62.8,1,5.0,3,17.0,42.6,118.0,296,1,1
F-2334,Office,4,7,65.3,10,6.0,2,,67.1,179.0,259,4,0
F-2335,Office,4,5,75.5,8,2.0,2,14.2,76.8,380.0,147,0,0
F-2336,Restaurant,6,4,46.7,4,2.0,1,22.7,55.1,110.0,310,1,1
F-2337,School,5,4,50.1,7,7.0,1,24.0,78.8,377.0,264,0,1
F-2338,Office,3,7,64.6,7,9.0,0,22.2,40.1,230.0,299,1,0
F-2339,Hospital,3,9,67.4,6,6.0,4,32.7,45.6,221.0,381,0,1
F-2340,Restaurant,1,6,49.7,10,1.0,2,31.3,58.2,411.0,113,1,1
F-2341,Hotel,6,8,84.2,8,10.0,2,28.1,55.6,362.0,306,1,0
F-2342,Hospital,4,4,62.5,3,4.0,0,20.3,52.0,75.0,20,0,0
F-2343,School,3,9,62.4,10,8.0,1,31.7,61.6,94.0,285,2,0
F-2344,Office,1,4,75.1,10,9.0,1,26.5,53.7,171.0,66,0,0
F-2345,School,4,5,67.7,1,10.0,1,20.2,55.7,257.0,92,2,0
F-2346,Hospital,2,0,85.1,3,2.0,2,,63.3,521.0,82,4,0
F-2347,Hospital,5,3,53.2,7,2.0,0,27.8,52.0,210.0,333,0,0
F-2348,Hospital,6,8,44.8,9,7.0,0,21.6,58.7,660.0,152,3,0
F-2349,Restaurant,1,1,64.4,8,8.0,2,24.6,52.3,122.0,158,0,0
F-2350,Hotel,2,2,71.1,6,9.0,1,25.3,45.5,138.0,147,2,1
F-2351,Hotel,2,9,47.7,4,6.0,3,19.6,69.2,162.0,251,2,1
F-2352,Restaurant,2,10,45.0,1,2.0,2,22.9,80.5,113.0,366,1,1
F-2353,Restaurant,4,4,73.3,9,8.0,3,19.9,72.8,451.0,272,0,0
F-2354,Office,0,4,56.4,6,7.0,2,27.5,64.0,29.0,44,0,0
F-2355,Restaurant,5,6,43.9,5,5.0,2,20.4,52.3,141.0,208,1,0
F-2356,School,2,9,87.4,10,7.0,2,25.2,56.6,448.0,47,3,0
F-2357,Hospital,5,5,58.6,2,3.0,0,18.4,72.7,161.0,70,0,0
F-2358,School,3,2,90.7,3,9.0,2,19.5,32.6,425.0,82,2,0
F-2359,Restaurant,2,5,70.5,9,1.0,6,19.3,55.6,933.0,280,0,1
F-2360,School,3,3,75.3,3,9.0,4,22.8,68.8,212.0,350,3,1
F-2361,Hospital,1,8,66.2,10,9.0,1,24.7,46.3,454.0,102,1,0
F-2362,School,0,1,22.2,9,7.0,0,25.5,65.1,1089.0,377,2,1
F-2363,Restaurant,3,7,49.5,1,9.0,2,16.9,64.5,265.0,109,1,1
F-2364,Hospital,2,1,67.7,5,10.0,0,23.3,42.5,194.0,126,2,0
F-2365,School,5,11,,8,2.0,1,21.0,61.0,377.0,55,1,0
F-2366,Restaurant,1,7,37.8,5,6.0,0,26.1,52.6,459.0,23,1,0
F-2367,Restaurant,4,1,69.0,3,7.0,0,22.9,65.0,195.0,249,1,0
F-2368,Restaurant,4,11,49.8,1,10.0,3,23.7,68.0,143.0,165,1,0
F-2369,Restaurant,2,6,74.2,1,8.0,0,21.0,64.8,667.0,51,0,1
F-2370,Restaurant,2,7,69.7,2,6.0,2,30.9,60.9,166.0,228,1,1
F-2371,Office,2,0,83.4,3,6.0,3,18.9,63.5,462.0,141,0,1
F-2372,Hospital,3,2,89.2,4,2.0,0,22.4,45.9,241.0,160,0,0
F-2373,Hotel,2,9,78.3,9,4.0,0,24.4,59.6,720.0,356,1,0
F-2374,Office,4,5,85.5,6,5.0,2,23.0,50.4,111.0,164,0,0
F-2375,Restaurant,4,7,63.7,2,9.0,0,20.9,72.4,110.0,183,2,1
F-2376,School,3,11,100.0,1,9.0,0,16.8,68.2,364.0,276,1,0
F-2377,Office,5,5,48.1,2,7.0,2,21.2,68.2,91.0,358,4,1
F-2378,School,2,4,60.5,4,2.0,3,20.2,80.6,217.0,296,3,1
F-2379,Hospital,4,9,86.2,8,8.0,0,30.7,56.0,592.0,199,2,0
F-2380,Hospital,1,0,83.5,1,5.0,4,33.1,53.4,57.0,125,1,1
F-2381,Restaurant,3,5,78.8,5,7.0,2,23.8,,265.0,75,1,0
F-2382,School,5,10,82.2,5,5.0,1,18.4,40.8,468.0,53,0,0
F-2383,Office,2,2,32.5,2,8.0,2,27.0,41.7,197.0,304,1,1
F-2384,Office,1,3,98.6,1,3.0,2,20.1,67.5,105.0,296,2,1
F-2385,Restaurant,5,5,66.3,3,2.0,1,21.8,43.3,167.0,144,3,0
F-2386,Hotel,1,0,92.4,2,3.0,2,21.5,47.1,111.0,375,2,1
F-2387,Restaurant,4,0,33.4,8,10.0,1,22.0,58.8,210.0,386,0,0
F-2388,Office,2,3,74.6,10,1.0,0,22.6,55.1,165.0,250,2,1
F-2389,Restaurant,5,10,59.9,7,3.0,2,18.7,70.6,140.0,108,0,0
F-2390,Office,3,2,80.3,8,4.0,1,21.2,60.7,278.0,205,0,0
F-2391,Hotel,2,8,75.7,8,9.0,1,28.1,50.4,605.0,329,1,0
F-2392,Restaurant,1,5,76.6,9,,0,23.9,71.7,252.0,205,3,0
F-2393,Restaurant,4,9,50.9,1,9.0,0,24.5,68.7,513.0,200,4,1
F-2394,Hotel,3,3,69.0,10,10.0,0,15.1,43.1,605.0,215,0,0
F-2395,Restaurant,4,10,66.8,5,7.0,3,27.8,63.0,133.0,337,1,1
F-2396,School,4,4,78.9,6,4.0,0,21.3,51.4,243.0,167,1,0
F-2397,Office,0,9,87.8,8,6.0,2,28.5,51.1,149.0,77,3,1
F-2398,School,1,9,72.7,5,7.0,1,24.6,82.4,71.0,207,1,1
F-2399,Hospital,6,5,47.0,3,2.0,2,21.8,61.5,257.0,255,1,1
F-2400,Hospital,2,8,71.9,1,9.0,2,,57.4,96.0,374,1,1
F-2401,Restaurant,3,1,100.0,2,5.0,1,32.7,61.0,281.0,49,4,1
F-2402,Office,7,5,99.6,1,9.0,2,27.2,70.5,67.0,377,1,0
F-2403,Restaurant,1,4,16.5,4,7.0,0,27.5,51.6,226.0,323,2,1
F-2404,Restaurant,5,11,71.1,8,9.0,6,31.3,53.6,67.0,285,1,1
F-2405,Restaurant,1,11,86.8,4,1.0,0,24.9,67.9,321.0,98,2,1
F-2406,Office,2,9,66.7,6,1.0,2,29.4,41.8,50000.0,86,1,1
F-2407,Restaurant,4,11,61.7,2,2.0,2,22.1,71.9,142.0,173,2,1
F-2408,Office,1,11,65.2,6,9.0,1,27.0,40.7,441.0,77,1,0
F-2409,Hotel,1,9,79.9,10,10.0,0,21.5,57.1,160.0,264,0,0
F-2410,Hotel,4,7,49.3,4,10.0,0,22.0,,217.0,302,0,1
F-2411,Office,5,2,91.4,5,4.0,2,24.4,47.3,174.0,193,0,1
F-2412,Hotel,2,9,69.0,10,3.0,1,18.9,75.6,286.0,278,2,1
F-2413,Office,1,2,53.2,7,4.0,0,25.3,72.5,416.0,312,2,1
F-2414,Restaurant,3,2,90.2,4,9.0,1,22.8,73.8,360.0,365,1,1
F-2415,Hotel,5,10,42.2,2,3.0,1,16.0,42.6,145.0,276,2,1
F-2416,School,2,1,60.0,10,6.0,1,22.2,,467.0,97,0,0
F-2417,School,3,1,59.7,7,7.0,4,22.6,64.1,105.0,56,0,1
F-2418,Office,5,6,100.0,1,4.0,0,27.4,68.6,119.0,376,1,0
F-2419,Office,1,7,57.7,6,5.0,0,25.1,50.4,183.0,310,3,0
F-2420,Hotel,2,0,31.2,10,7.0,0,29.8,53.1,417.0,340,1,1
F-2421,Hospital,0,4,59.5,10,8.0,0,26.1,46.4,88.0,172,2,0
F-2422,Hospital,3,2,78.2,2,2.0,1,21.8,79.9,374.0,67,0,1
F-2423,Hospital,3,3,84.1,5,6.0,1,23.8,54.3,50000.0,241,3,1
F-2424,Hospital,7,2,100.0,10,2.0,1,22.6,60.4,148.0,257,3,0
F-2425,Hospital,4,8,,8,1.0,1,26.0,61.0,432.0,90,5,0
F-2426,Restaurant,7,5,73.4,6,7.0,1,24.2,73.3,114.0,190,2,0
F-2427,Restaurant,5,11,54.0,4,5.0,2,21.5,48.6,992.0,172,0,0
F-2428,Hotel,4,0,99.2,8,3.0,0,24.0,74.0,177.0,107,0,0
F-2429,Hospital,3,9,63.4,6,1.0,0,25.8,44.7,222.0,327,0,0
F-2430,Office,2,10,58.2,6,10.0,2,20.0,74.0,590.0,196,6,1
F-2431,School,2,5,62.5,10,9.0,1,25.3,39.4,227.0,370,1,1
F-2432,Restaurant,5,8,47.5,4,10.0,1,17.7,58.7,460.0,5,2,0
F-2433,Restaurant,0,5,61.6,7,2.0,3,28.4,79.5,51.0,375,1,1
F-2434,Restaurant,4,7,65.8,1,1.0,1,26.1,68.4,147.0,266,2,1
F-2435,Office,4,10,83.2,8,3.0,5,30.5,65.1,264.0,281,2,1
F-2436,Restaurant,1,6,63.0,6,2.0,0,,47.4,427.0,118,3,1
F-2437,School,3,6,47.2,9,5.0,1,,51.2,343.0,36,5,0
F-2438,Office,1,11,41.1,4,7.0,1,27.7,76.1,322.0,96,1,1
F-2439,Office,4,5,73.8,10,2.0,2,23.3,65.7,421.0,179,0,0
F-2440,Restaurant,5,2,71.3,6,4.0,4,22.5,70.7,279.0,138,0,1
F-2441,Restaurant,4,8,60.0,3,6.0,0,19.7,60.9,45.0,81,1,0
F-2442,Restaurant,4,8,61.6,2,4.0,5,18.6,56.6,550.0,10,1,1
F-2443,Restaurant,7,2,77.0,2,5.0,3,21.0,69.2,111.0,280,0,0
F-2444,Restaurant,1,8,95.0,4,6.0,0,19.0,63.1,250.0,268,2,1
F-2445,School,4,0,56.0,6,10.0,3,30.4,58.0,227.0,68,1,1
F-2446,Office,0,3,71.6,9,,1,18.0,43.0,207.0,314,1,1
F-2447,School,2,10,87.2,10,1.0,2,24.6,71.4,92.0,391,1,1
F-2448,School,2,7,56.0,7,9.0,1,25.7,65.3,52.0,399,0,0
F-2449,Restaurant,3,7,69.7,5,6.0,3,25.4,52.7,99.0,81,2,0
F-2450,Hotel,4,7,69.3,7,5.0,0,85.0,74.2,357.0,173,2,0
F-2451,School,2,1,46.4,4,8.0,1,27.8,62.9,73.0,25,1,1
F-2452,Office,4,11,73.0,3,10.0,1,22.2,63.2,108.0,9,2,0
F-2453,Office,1,3,70.6,6,2.0,0,24.4,,268.0,338,0,1
F-2454,Restaurant,4,9,80.0,9,9.0,1,22.8,68.0,98.0,387,1,1
F-2455,Restaurant,1,11,48.6,1,7.0,1,29.2,63.5,137.0,84,2,1
F-2456,Restaurant,3,2,70.2,2,6.0,1,32.4,57.7,212.0,188,1,1
F-2457,Hospital,2,7,94.9,2,9.0,0,19.2,83.8,244.0,14,3,0
F-2458,Office,3,0,100.0,3,4.0,1,15.9,51.2,96.0,327,0,0
F-2459,Hospital,4,7,93.0,2,8.0,1,26.3,69.0,221.0,221,2,0
F-2460,Hotel,6,5,48.8,2,6.0,0,28.3,59.0,265.0,120,4,0
F-2461,School,5,0,78.1,1,10.0,0,31.8,65.5,82.0,387,3,0
F-2462,Restaurant,4,8,61.3,4,5.0,1,27.0,74.8,233.0,58,2,0
F-2463,Restaurant,0,11,75.1,8,8.0,0,29.6,,121.0,110,2,1
F-2464,School,4,0,56.1,2,5.0,3,30.6,67.2,218.0,300,1,1
F-2465,School,2,10,39.2,4,4.0,1,29.9,63.2,332.0,166,3,1
F-2466,Hospital,4,10,63.8,10,4.0,2,27.5,52.3,177.0,281,1,0
F-2467,Restaurant,1,6,83.0,2,10.0,3,18.9,75.1,380.0,98,0,1
F-2468,Hotel,4,10,75.2,10,9.0,1,24.0,,348.0,265,1,0
F-2469,Restaurant,3,3,77.3,6,3.0,1,25.2,54.8,378.0,225,4,0
F-2470,Office,2,8,73.9,8,9.0,1,23.6,73.2,266.0,23,2,0
F-2471,Restaurant,6,8,77.3,4,6.0,3,,50.0,433.0,132,3,1
F-2472,Restaurant,2,6,79.5,4,2.0,1,30.3,59.7,262.0,122,2,1
F-2473,Hospital,4,10,65.1,4,8.0,0,21.0,54.8,62.0,238,3,0
F-2474,School,3,10,71.5,2,2.0,1,27.2,69.0,115.0,178,0,1
F-2475,School,3,9,100.0,4,9.0,1,25.3,54.2,173.0,193,0,0
F-2476,Hospital,1,7,72.6,9,5.0,0,20.6,69.1,188.0,71,3,0
F-2477,Office,3,11,70.8,1,10.0,3,19.7,67.1,257.0,371,2,1
F-2478,Hospital,5,6,71.9,6,5.0,0,17.2,55.5,114.0,301,2,0
F-2479,Hospital,3,7,66.1,7,1.0,0,25.9,82.0,817.0,269,0,1
F-2480,Hospital,3,2,62.2,2,8.0,0,23.7,51.1,186.0,113,1,0
F-2481,Restaurant,4,3,73.8,2,8.0,1,20.7,43.1,199.0,274,2,1
F-2482,School,3,10,60.9,6,4.0,1,16.5,,125.0,97,2,0
F-2483,Restaurant,4,5,67.4,3,3.0,1,25.7,34.2,99.0,197,2,1
F-2484,School,1,6,55.8,10,9.0,1,23.3,77.9,183.0,110,1,0
F-2485,Restaurant,1,9,71.9,2,8.0,3,21.1,61.2,204.0,124,2,1
F-2486,Office,2,3,80.5,2,3.0,2,20.1,42.9,189.0,261,1,1
F-2487,Hospital,5,3,66.2,4,8.0,1,23.0,48.6,638.0,129,2,0
F-2488,Office,2,0,33.8,4,3.0,1,25.9,40.4,183.0,293,1,1
F-2489,Hospital,3,2,80.6,2,,1,22.7,,189.0,204,1,0
F-2490,Restaurant,2,6,72.2,7,,1,,44.1,354.0,392,1,0
F-2491,Hotel,1,8,52.1,4,9.0,0,23.8,66.0,178.0,80,3,1
F-2492,School,3,3,83.9,6,,1,28.2,56.3,292.0,378,0,0
F-2493,Hotel,0,5,44.8,3,5.0,0,24.2,54.3,82.0,57,0,1
F-2494,Hospital,1,2,88.8,1,2.0,0,24.3,66.1,82.0,222,0,0
F-2495,School,2,9,69.0,1,6.0,0,22.7,67.5,218.0,152,1,1
F-2496,Office,4,6,29.2,1,7.0,2,20.4,73.7,170.0,302,0,1
F-2497,School,2,1,73.2,9,10.0,2,20.3,52.4,114.0,56,1,0
F-2498,Restaurant,2,7,62.7,3,2.0,1,17.4,59.6,218.0,105,3,1
F-2499,School,4,4,60.0,4,7.0,2,,52.4,232.0,96,1,0
F-2500,School,2,10,56.7,6,6.0,3,,62.0,122.0,368,1,1
F-2501,Office,1,3,67.7,1,6.0,0,24.3,50.7,139.0,216,3,1
F-2502,Hospital,5,10,61.3,7,1.0,1,25.2,54.9,233.0,69,1,0
F-2503,Hospital,4,8,36.6,6,1.0,0,25.4,55.0,98.0,317,2,1
F-2504,Hotel,3,1,92.9,8,7.0,1,21.1,63.5,131.0,117,0,0
F-2505,School,4,9,65.6,2,2.0,0,22.7,60.0,291.0,93,2,0
F-2506,Hotel,5,8,56.8,1,7.0,2,22.1,66.1,197.0,200,1,0
F-2507,Hospital,2,5,49.7,8,1.0,1,34.0,58.7,143.0,317,1,0
F-2508,Restaurant,1,1,83.9,4,9.0,1,28.1,53.0,106.0,336,2,1
F-2509,Hotel,3,5,46.6,1,4.0,0,24.7,62.3,99.0,11,2,0
F-2510,Restaurant,2,7,72.4,6,5.0,1,29.5,49.0,183.0,359,0,0
F-2511,Restaurant,1,1,59.5,5,4.0,0,29.0,66.8,827.0,398,0,1
F-2512,School,2,4,60.5,10,5.0,0,18.5,,298.0,131,1,0
F-2513,Hotel,4,8,50.1,10,6.0,1,23.1,62.5,79.0,209,2,0
F-2514,Office,5,6,58.8,6,7.0,2,23.9,62.6,329.0,153,1,1
F-2515,Restaurant,2,11,70.2,2,7.0,3,,79.2,118.0,192,2,1
F-2516,Restaurant,3,2,74.2,8,10.0,1,23.1,64.6,200.0,262,6,1
F-2517,Office,2,9,55.9,3,,1,23.6,60.9,133.0,261,1,1
F-2518,Restaurant,4,5,68.4,9,9.0,0,22.2,51.7,825.0,192,4,0
F-2519,Restaurant,2,2,86.0,7,7.0,1,28.2,69.6,91.0,192,1,1
F-2520,Restaurant,3,11,40.1,4,4.0,1,18.2,56.8,250.0,197,2,0
F-2521,School,10,7,69.9,10,10.0,1,22.3,,124.0,166,2,0
F-2522,Office,6,6,52.9,6,8.0,1,16.6,57.7,336.0,53,0,0
F-2523,Hotel,1,3,51.1,4,2.0,2,19.9,62.3,246.0,151,0,1
F-2524,Hotel,1,10,74.7,2,2.0,1,25.3,50.2,482.0,287,2,1
F-2525,Restaurant,5,0,60.2,7,7.0,0,25.3,58.6,331.0,391,2,0
F-2526,Hospital,0,1,48.1,3,8.0,2,22.7,59.1,123.0,326,2,1
F-2527,Hospital,9,2,93.8,2,1.0,2,28.5,59.3,1543.0,345,3,1
F-2528,Restaurant,0,7,86.6,2,7.0,1,29.4,74.8,296.0,314,2,1
F-2529,Restaurant,3,1,35.2,7,6.0,2,23.7,44.3,136.0,203,1,1
F-2530,Restaurant,2,9,43.5,10,10.0,1,25.0,84.4,231.0,274,1,0
F-2531,Restaurant,3,2,80.7,3,8.0,0,85.0,59.6,312.0,335,1,0
F-2532,School,5,8,64.9,3,10.0,0,26.5,67.0,303.0,93,7,1
F-2533,Hotel,2,9,97.0,7,1.0,0,19.2,61.5,284.0,63,0,0
F-2534,Restaurant,3,10,81.1,2,8.0,0,31.2,39.3,394.0,110,0,0
F-2535,Hospital,3,3,75.4,1,4.0,2,28.6,47.3,368.0,214,1,1
F-2536,Hotel,5,0,51.6,7,6.0,1,19.2,53.7,111.0,315,1,1
F-2537,Hotel,7,9,78.8,6,9.0,2,20.8,71.9,876.0,182,0,0
F-2538,Hotel,4,5,47.0,1,9.0,0,25.7,43.4,795.0,393,1,0
F-2539,Hospital,4,11,93.5,3,3.0,1,22.6,49.7,351.0,133,0,1
F-2540,Hotel,3,2,77.6,2,3.0,0,26.2,62.0,206.0,187,1,1
F-2541,Restaurant,4,6,55.2,7,8.0,2,22.6,65.7,208.0,367,3,1
F-2542,Hospital,0,1,84.5,7,9.0,2,30.1,65.3,160.0,72,0,1
F-2543,Restaurant,3,5,100.0,8,7.0,2,24.0,48.2,175.0,333,0,0
F-2544,Hospital,1,0,66.1,1,1.0,0,33.7,40.8,43.0,64,2,1
F-2545,Hospital,4,9,79.9,9,2.0,1,26.4,66.5,585.0,363,2,0
F-2546,Restaurant,1,7,62.2,3,8.0,1,18.6,77.2,457.0,132,1,1
F-2547,Hotel,1,1,71.5,10,8.0,1,32.3,55.9,62.0,255,1,1
F-2548,Restaurant,2,5,42.9,9,9.0,2,28.4,46.3,374.0,286,0,1
F-2549,Restaurant,2,5,70.0,5,6.0,0,25.5,54.8,199.0,153,0,1
F-2550,Restaurant,3,8,70.8,8,5.0,0,26.6,64.7,174.0,222,1,0
F-2551,Hospital,3,5,100.0,7,2.0,2,19.2,57.2,283.0,303,2,1
F-2552,Restaurant,4,5,37.7,8,8.0,1,16.8,76.9,59.0,350,0,0
F-2553,Hospital,3,9,64.9,1,10.0,2,23.8,71.1,199.0,47,1,1
F-2554,Restaurant,5,6,93.2,1,1.0,1,29.5,62.2,212.0,200,2,1
F-2555,Hotel,4,9,65.6,10,5.0,0,25.6,36.5,212.0,341,2,0
F-2556,Office,5,10,66.9,8,4.0,0,30.8,51.7,77.0,224,1,0
F-2557,Hospital,4,10,55.0,7,8.0,1,29.3,53.4,274.0,16,2,0
F-2558,School,0,11,53.2,4,8.0,1,24.1,51.0,421.0,54,3,1
F-2559,Office,3,8,37.1,5,3.0,4,28.7,62.3,266.0,328,0,0
F-2560,Office,3,6,58.7,4,10.0,0,30.1,62.5,171.0,172,3,0
F-2561,School,2,6,52.2,5,2.0,1,23.7,39.9,1316.0,283,2,1
F-2562,Office,1,2,72.1,7,8.0,2,23.1,69.7,105.0,357,1,1
F-2563,Office,6,9,55.8,8,8.0,1,24.6,60.2,344.0,39,3,0
F-2564,Hotel,2,8,61.4,4,2.0,1,14.4,64.3,238.0,184,2,0
F-2565,Hospital,2,10,61.9,9,7.0,1,25.1,68.9,819.0,63,1,1
F-2566,Restaurant,4,8,69.1,1,3.0,3,26.9,50.8,263.0,337,1,1
F-2567,Restaurant,5,5,60.5,9,3.0,2,24.6,75.1,305.0,183,1,0
F-2568,Hospital,5,3,50.9,7,1.0,3,25.4,58.3,285.0,351,3,1
F-2569,Hospital,2,11,71.5,6,8.0,1,,78.2,96.0,123,0,0
F-2570,Hospital,4,8,89.2,4,9.0,0,16.0,49.3,109.0,62,0,0
F-2571,School,4,10,72.3,4,6.0,1,30.7,,165.0,347,2,1
F-2572,School,4,7,59.0,4,8.0,0,22.5,,392.0,247,2,0
F-2573,Hotel,1,6,67.8,10,4.0,2,21.5,90.6,236.0,81,0,1
F-2574,Restaurant,3,0,33.1,1,6.0,1,29.4,,173.0,279,2,1
F-2575,Restaurant,2,0,67.5,7,8.0,1,27.9,72.7,524.0,169,1,1
F-2576,Hotel,6,8,62.8,10,5.0,0,25.1,55.7,50.0,23,1,0
F-2577,Hotel,2,2,53.2,6,7.0,6,27.1,68.6,81.0,107,1,1
F-2578,Office,4,0,56.5,7,2.0,2,19.4,59.5,35.0,301,2,1
F-2579,Office,2,9,,6,6.0,1,23.7,46.9,467.0,55,4,0
F-2580,Office,4,7,87.9,6,9.0,2,29.2,26.4,187.0,138,1,0
F-2581,Restaurant,4,1,89.7,7,8.0,0,21.3,90.1,394.0,107,2,1
F-2582,Hospital,4,5,53.3,10,4.0,0,20.0,60.9,186.0,294,1,0
F-2583,Restaurant,5,5,60.7,8,6.0,2,24.3,24.7,410.0,344,1,0
F-2584,School,1,0,,9,7.0,3,24.4,63.6,183.0,316,1,1
F-2585,Office,1,7,84.6,6,10.0,0,26.6,68.3,267.0,287,0,0
F-2586,Restaurant,4,4,72.6,8,9.0,3,18.5,51.4,241.0,40,0,0
F-2587,School,4,10,71.7,9,9.0,1,13.8,51.5,254.0,366,3,1
F-2588,Restaurant,3,1,79.7,3,8.0,2,27.7,59.8,652.0,68,5,1
F-2589,Restaurant,4,10,59.3,9,4.0,2,19.7,74.4,64.0,165,1,1
F-2590,Restaurant,4,0,,7,4.0,1,21.6,61.2,191.0,331,0,0
F-2591,Restaurant,4,9,70.0,5,5.0,0,15.3,77.6,230.0,99,3,1
F-2592,Office,4,9,54.6,8,5.0,1,,73.6,207.0,90,4,1
F-2593,Hospital,3,4,65.9,2,10.0,1,25.4,57.3,152.0,15,5,1
F-2594,Hotel,4,3,92.2,7,9.0,1,25.2,41.2,138.0,146,1,0
F-2595,School,4,1,62.3,6,9.0,3,25.2,57.3,585.0,200,3,1
F-2596,Restaurant,3,4,87.1,9,7.0,2,15.8,66.3,191.0,189,2,1
F-2597,Restaurant,2,8,58.7,7,2.0,3,20.1,60.7,1104.0,20,2,1
F-2598,Hotel,5,8,56.2,6,2.0,2,22.2,67.6,290.0,85,2,1
F-2599,Restaurant,0,2,81.9,6,3.0,2,21.0,70.4,164.0,6,2,1
F-2600,Office,2,0,54.3,6,7.0,2,22.9,66.4,295.0,93,2,1
F-2601,Restaurant,4,6,,9,,2,25.0,56.7,216.0,243,1,0
F-2602,School,1,6,76.3,8,7.0,1,28.0,66.2,513.0,8,0,0
F-2603,Hotel,6,11,54.3,1,9.0,1,18.1,86.8,88.0,70,1,0
F-2604,Restaurant,2,9,68.7,6,4.0,1,24.0,42.1,57.0,219,2,1
F-2605,Restaurant,4,6,60.1,3,,0,26.8,65.8,258.0,226,4,1
F-2606,Office,2,7,76.3,2,6.0,0,20.3,82.0,360.0,359,2,0
F-2607,Restaurant,5,7,100.0,9,9.0,1,23.2,45.9,245.0,231,1,0
F-2608,Hospital,1,5,63.3,9,1.0,2,25.9,72.0,321.0,370,2,1
F-2609,Hospital,1,8,79.6,10,3.0,1,24.0,73.6,289.0,290,1,0
F-2610,Restaurant,5,2,70.4,4,10.0,0,26.7,42.3,71.0,222,2,0
F-2611,Hotel,2,9,70.4,5,9.0,1,24.4,68.5,244.0,156,2,1
F-2612,Hotel,3,10,67.0,8,6.0,1,22.8,56.7,504.0,48,1,0
F-2613,Hospital,3,5,54.6,2,1.0,3,19.3,59.3,226.0,283,0,1
F-2614,Hotel,1,5,76.0,1,1.0,2,,56.1,80.0,375,3,1
F-2615,Restaurant,2,5,64.8,5,5.0,1,24.4,75.8,159.0,149,0,1
F-2616,Restaurant,5,9,53.7,7,9.0,2,20.0,58.7,296.0,145,1,0
F-2617,School,3,2,88.3,5,4.0,0,26.3,54.4,704.0,43,1,0
F-2618,Office,2,4,71.8,3,9.0,4,29.1,54.6,51.0,241,2,1
F-2619,Restaurant,5,7,65.9,6,6.0,1,21.4,55.9,258.0,127,2,1
F-2620,Restaurant,2,8,94.1,10,2.0,1,21.1,47.0,104.0,9,3,0
F-2621,School,6,3,37.0,3,6.0,1,20.9,54.3,286.0,7,1,1
F-2622,Hotel,6,1,92.9,5,4.0,2,17.3,61.4,302.0,137,3,1
F-2623,Restaurant,4,6,54.2,4,3.0,0,,64.9,170.0,187,1,1
F-2624,Hospital,4,7,73.8,3,7.0,3,22.2,74.4,312.0,185,1,1
F-2625,Hotel,1,9,59.4,7,3.0,1,20.6,62.9,445.0,297,1,1
F-2626,Hospital,6,0,53.4,4,10.0,1,,54.3,179.0,213,0,1
F-2627,Restaurant,2,0,93.6,7,9.0,1,22.4,47.9,79.0,314,1,0
F-2628,Restaurant,0,4,100.0,1,8.0,2,21.2,63.5,543.0,122,2,1
F-2629,Hospital,7,6,66.0,7,1.0,1,29.8,58.6,358.0,96,0,0
F-2630,Hospital,3,0,76.0,2,10.0,2,19.0,59.0,297.0,218,2,0
F-2631,Office,1,2,71.0,4,5.0,0,85.0,63.2,124.0,46,3,0
F-2632,School,2,5,100.0,9,8.0,0,26.2,66.2,399.0,306,1,0
F-2633,School,3,3,32.0,4,2.0,0,23.6,63.2,837.0,78,1,1
F-2634,Office,2,8,76.8,7,8.0,0,23.1,58.0,184.0,366,3,0
F-2635,Hospital,9,0,56.9,4,4.0,1,26.2,50.4,214.0,393,2,0
F-2636,Hospital,3,10,27.6,10,8.0,1,24.5,52.6,95.0,217,4,0
F-2637,Office,3,2,,10,3.0,0,23.8,70.2,121.0,128,3,1
F-2638,Restaurant,3,5,100.0,10,10.0,0,,54.9,94.0,138,3,0
F-2639,Hotel,2,11,58.2,4,8.0,0,17.3,43.8,220.0,174,1,0
F-2640,Hotel,5,7,,4,5.0,1,21.2,73.9,158.0,194,1,1
F-2641,Restaurant,2,11,91.6,7,5.0,2,19.7,48.7,260.0,34,3,0
F-2642,Hospital,4,0,69.8,9,1.0,0,25.1,60.4,107.0,83,0,0
F-2643,Restaurant,3,8,72.2,6,3.0,2,16.8,65.9,178.0,316,0,1
F-2644,Restaurant,0,0,39.1,8,8.0,5,22.2,60.0,103.0,25,0,1
F-2645,Hospital,0,7,57.1,9,9.0,2,23.3,30.3,228.0,182,2,0
F-2646,Restaurant,4,3,86.3,8,10.0,1,23.8,64.7,64.0,350,1,0
F-2647,Hotel,4,9,71.1,4,1.0,2,25.6,75.9,223.0,39,2,1
F-2648,Office,6,1,,3,3.0,0,22.7,69.4,165.0,370,3,0
F-2649,Hotel,2,10,72.4,5,8.0,1,21.3,34.5,227.0,191,2,0
F-2650,Restaurant,3,5,100.0,6,4.0,1,29.0,85.5,63.0,172,1,0
F-2651,Restaurant,6,6,62.3,9,3.0,1,22.7,44.1,317.0,286,0,0
F-2652,Restaurant,3,6,,4,3.0,0,29.7,47.1,163.0,311,3,0
F-2653,Restaurant,2,0,72.4,2,10.0,0,22.7,69.4,233.0,191,1,0
F-2654,Office,1,3,100.0,4,9.0,1,23.9,65.4,54.0,37,0,0
F-2655,Hospital,0,8,48.0,6,1.0,2,23.4,61.0,50000.0,387,1,1
F-2656,Restaurant,4,11,73.3,3,9.0,4,24.9,53.2,152.0,8,3,0
F-2657,Hotel,7,11,62.9,4,6.0,1,22.3,76.0,50000.0,349,2,0
F-2658,Hospital,3,6,72.5,3,9.0,0,24.4,59.5,290.0,176,1,0
F-2659,Restaurant,4,3,92.0,10,7.0,1,30.1,41.2,219.0,208,4,0
F-2660,Restaurant,4,5,76.8,6,7.0,1,28.2,74.8,105.0,307,0,0
F-2661,School,7,5,92.0,8,6.0,1,28.2,62.6,92.0,376,2,0
F-2662,Hotel,2,4,57.9,6,8.0,0,18.6,73.4,243.0,64,0,1
F-2663,Restaurant,3,4,55.2,1,9.0,0,19.3,66.9,327.0,325,0,1
F-2664,Office,2,10,70.3,3,6.0,3,24.9,88.7,232.0,266,2,1
F-2665,Office,4,4,69.3,9,2.0,3,27.1,56.3,663.0,150,2,0
F-2666,Hotel,2,0,,6,1.0,1,21.9,60.2,124.0,173,2,1
F-2667,Restaurant,5,8,52.7,8,5.0,1,21.2,68.6,227.0,309,1,1
F-2668,Restaurant,1,7,91.6,8,,2,29.6,56.4,61.0,60,1,0
F-2669,Office,4,4,63.5,6,9.0,1,,69.6,232.0,204,1,1
F-2670,Restaurant,1,7,95.7,6,1.0,2,28.2,,560.0,290,1,1
F-2671,School,3,11,70.2,3,9.0,2,22.2,59.1,97.0,217,1,0
F-2672,Hotel,2,11,81.7,3,1.0,2,21.9,58.8,361.0,181,2,1
F-2673,Restaurant,5,9,80.0,2,5.0,1,27.8,58.3,549.0,210,0,0
F-2674,Hotel,2,7,55.2,3,5.0,4,22.9,49.5,124.0,207,1,1
F-2675,Office,4,0,76.6,7,6.0,2,21.6,70.9,278.0,322,0,1
F-2676,Hotel,1,6,100.0,10,1.0,0,20.3,53.9,605.0,329,1,0
F-2677,Hospital,2,9,74.5,5,8.0,2,22.0,62.4,235.0,367,0,1
F-2678,Office,3,10,86.2,7,2.0,0,27.5,59.6,347.0,33,1,0
F-2679,School,2,9,82.5,9,8.0,1,18.0,66.0,58.0,131,3,0
F-2680,Hotel,2,11,75.5,7,6.0,1,85.0,,304.0,351,2,0
F-2681,Hotel,4,6,73.4,3,9.0,1,21.2,62.3,288.0,258,0,1
F-2682,Hotel,3,1,79.9,3,10.0,1,23.2,70.1,79.0,153,0,0
F-2683,Restaurant,1,5,83.7,7,9.0,1,23.4,61.7,102.0,253,0,0
F-2684,Restaurant,3,3,45.7,3,5.0,2,23.1,53.9,306.0,187,1,1
F-2685,Restaurant,3,10,74.5,3,5.0,0,22.9,58.3,162.0,355,1,1
F-2686,School,5,9,66.7,6,7.0,1,22.2,56.6,436.0,225,1,0
F-2687,School,3,5,63.0,7,7.0,0,21.7,66.8,249.0,181,0,0
F-2688,School,5,4,93.3,3,8.0,3,29.3,61.3,208.0,251,1,0
F-2689,Hospital,4,1,56.8,1,5.0,0,24.1,50.5,178.0,80,2,0
F-2690,Hotel,2,0,44.9,8,5.0,2,23.5,57.3,246.0,309,0,1
F-2691,Office,3,3,84.3,4,2.0,1,21.4,41.7,351.0,85,0,0
F-2692,Restaurant,0,2,44.4,7,2.0,0,22.4,57.8,291.0,14,1,1
F-2693,Hotel,3,3,35.3,2,9.0,0,21.4,60.0,149.0,25,1,0
F-2694,School,1,11,86.3,4,10.0,4,27.1,81.7,477.0,31,1,1
F-2695,School,2,8,72.9,7,7.0,2,21.0,76.2,317.0,44,2,1
F-2696,Restaurant,3,6,78.5,2,4.0,2,,47.6,50000.0,25,1,1
F-2697,Hotel,0,2,62.0,4,1.0,0,24.2,62.4,214.0,123,2,1
F-2698,Office,0,10,45.1,8,1.0,3,22.9,62.6,284.0,384,1,1
F-2699,Hotel,2,7,48.7,8,7.0,0,21.7,57.2,56.0,45,4,1
F-2700,Office,2,6,65.1,4,7.0,1,27.6,58.0,237.0,272,1,1
F-2701,Office,0,5,47.1,2,3.0,0,13.1,55.8,632.0,349,1,1
F-2702,Hospital,1,6,75.5,1,2.0,1,30.3,82.5,234.0,324,6,1
F-2703,School,1,10,,6,1.0,2,28.2,55.0,212.0,147,2,0
F-2704,Hospital,7,8,73.3,7,7.0,2,21.5,64.1,132.0,25,4,0
F-2705,Office,1,5,72.8,6,7.0,0,22.2,,283.0,150,2,0
F-2706,Restaurant,2,8,77.0,5,4.0,1,26.0,69.9,175.0,242,3,1
F-2707,Hospital,4,11,79.0,1,8.0,2,26.1,74.2,501.0,304,5,1
F-2708,Office,2,3,63.8,3,9.0,0,21.5,47.4,109.0,61,0,0
F-2709,Restaurant,3,10,73.3,1,6.0,2,17.5,53.9,146.0,124,3,1
F-2710,Hotel,6,7,74.2,5,3.0,0,32.5,65.4,132.0,242,2,0
F-2711,Hospital,3,2,26.3,4,1.0,0,27.8,60.2,724.0,287,4,1
F-2712,Office,1,11,81.6,1,8.0,1,24.6,65.6,175.0,127,0,0
F-2713,Office,2,8,72.7,7,6.0,1,24.7,56.6,137.0,329,3,1
F-2714,Restaurant,1,4,80.2,4,4.0,1,26.5,82.4,46.0,321,1,1
F-2715,Hotel,5,2,46.8,10,,0,27.0,52.0,106.0,147,1,0
F-2716,Restaurant,1,10,64.3,5,9.0,3,15.7,92.3,290.0,216,0,1
F-2717,School,5,9,50.4,1,10.0,1,22.6,74.9,289.0,193,0,0
F-2718,School,4,0,83.4,8,5.0,2,,70.0,127.0,269,3,1
F-2719,Hotel,3,7,44.7,8,3.0,0,23.4,47.5,50000.0,132,2,1
F-2720,Restaurant,6,1,53.3,10,7.0,0,27.1,70.9,737.0,135,3,0
F-2721,Restaurant,5,3,79.6,7,9.0,0,16.8,67.2,1323.0,172,1,0
F-2722,Hotel,2,6,58.7,4,6.0,1,,34.6,448.0,90,1,1
F-2723,School,1,2,53.3,7,1.0,1,21.3,43.1,597.0,234,1,1
F-2724,Hospital,2,6,86.3,8,2.0,0,24.6,64.3,692.0,383,1,0
F-2725,Restaurant,10,5,87.1,6,1.0,0,,58.4,944.0,143,1,0
F-2726,Restaurant,7,6,83.0,8,5.0,0,30.5,53.8,162.0,345,2,0
F-2727,Office,3,9,85.3,10,5.0,1,22.9,72.9,108.0,188,1,0
F-2728,Restaurant,2,1,65.8,8,6.0,4,27.3,49.4,723.0,70,3,1
F-2729,Hospital,1,9,66.3,6,8.0,1,26.8,54.5,102.0,201,1,1
F-2730,Office,4,2,58.3,5,2.0,1,26.2,52.2,98.0,202,2,1
F-2731,Restaurant,1,0,73.0,9,10.0,2,23.9,66.1,99.0,14,0,0
F-2732,Hotel,7,5,60.5,9,3.0,0,22.4,,183.0,194,3,0
F-2733,Restaurant,1,3,62.2,3,6.0,0,,54.0,50.0,69,3,0
F-2734,Office,5,2,80.8,1,3.0,0,19.5,39.3,73.0,318,1,0
F-2735,Hotel,1,5,91.3,9,4.0,1,25.4,56.2,130.0,218,1,0
F-2736,Office,3,10,77.2,3,9.0,2,23.8,68.7,87.0,125,1,0
F-2737,Restaurant,1,7,,10,1.0,3,22.3,68.9,421.0,6,2,1
F-2738,School,5,8,57.3,1,5.0,1,26.7,51.3,201.0,230,4,1
F-2739,Hotel,1,1,36.9,10,,3,23.2,66.4,300.0,283,0,1
F-2740,Restaurant,3,0,82.9,7,6.0,2,20.3,57.8,278.0,172,1,0
F-2741,Restaurant,4,4,56.1,4,4.0,2,22.9,76.3,173.0,362,1,0
F-2742,Restaurant,2,9,65.1,1,4.0,0,27.3,58.4,400.0,82,2,0
F-2743,Office,2,10,38.1,9,10.0,2,19.9,24.3,275.0,303,3,0
F-2744,Hotel,4,1,53.8,2,3.0,1,24.8,70.7,160.0,200,3,1
F-2745,School,1,5,43.0,1,5.0,3,23.8,54.5,62.0,129,3,1
F-2746,Hotel,2,4,62.2,8,4.0,0,21.0,56.7,288.0,118,2,0
F-2747,School,3,8,62.9,7,8.0,1,22.8,,83.0,182,2,0
F-2748,Hospital,4,2,71.6,2,9.0,1,17.7,42.9,261.0,36,4,1
F-2749,Hospital,2,5,92.3,4,9.0,2,24.4,60.9,212.0,262,1,0
F-2750,School,3,10,82.2,7,1.0,1,18.5,66.4,77.0,166,0,0
F-2751,Restaurant,4,5,40.8,7,1.0,1,28.3,64.4,240.0,273,2,1
F-2752,Office,1,9,80.9,4,4.0,3,,52.8,229.0,208,0,1
F-2753,Hotel,5,7,72.0,5,5.0,0,21.7,71.9,230.0,391,1,0
F-2754,Restaurant,3,7,68.2,1,1.0,1,28.6,48.0,222.0,37,1,1
F-2755,School,4,3,69.6,1,9.0,2,19.9,52.5,127.0,199,6,1
F-2756,Restaurant,3,11,73.7,10,9.0,2,21.0,58.4,303.0,216,1,0
F-2757,Office,2,2,57.5,3,5.0,2,16.7,63.5,124.0,103,2,1
F-2758,Office,1,11,66.7,10,8.0,3,29.2,56.1,94.0,270,0,1
F-2759,Office,3,11,91.3,1,6.0,0,31.5,74.7,321.0,148,0,0
F-2760,Restaurant,4,6,57.3,10,7.0,1,17.3,63.5,386.0,306,4,0
F-2761,Restaurant,2,10,51.5,5,9.0,0,20.7,60.9,306.0,369,0,0
F-2762,Restaurant,3,8,68.9,9,1.0,1,24.3,63.1,173.0,342,1,0
F-2763,Restaurant,2,8,49.6,9,3.0,2,21.9,68.8,52.0,254,4,1
F-2764,Restaurant,5,0,39.0,4,5.0,1,23.9,62.9,565.0,288,1,1
F-2765,Restaurant,1,1,63.8,8,9.0,0,23.5,38.3,51.0,346,0,0
F-2766,Office,1,0,96.1,4,6.0,1,25.6,73.1,302.0,392,1,1
F-2767,Restaurant,0,0,69.3,8,4.0,1,20.2,61.4,878.0,291,0,1
F-2768,Restaurant,7,10,73.2,10,,1,24.8,68.2,222.0,365,2,0
F-2769,Hotel,3,2,31.7,9,6.0,1,19.5,55.1,246.0,386,1,0
F-2770,School,3,0,77.9,8,3.0,1,22.4,38.1,261.0,74,2,0
F-2771,Hotel,6,11,71.7,4,4.0,2,17.1,32.7,230.0,202,2,0
F-2772,School,3,3,58.0,2,10.0,2,22.4,48.7,1038.0,146,1,0
F-2773,Office,0,9,73.2,6,6.0,2,,66.2,111.0,380,0,0
F-2774,School,2,11,73.1,2,2.0,4,27.8,75.6,102.0,298,1,1
F-2775,School,1,6,50.9,6,1.0,0,23.8,63.6,159.0,354,2,1
F-2776,Hotel,6,11,76.0,9,4.0,2,24.5,47.4,678.0,143,4,0
F-2777,Hospital,6,11,91.5,2,1.0,0,23.9,50.6,134.0,338,4,0
F-2778,Restaurant,4,1,65.9,10,,0,15.5,76.3,271.0,37,2,0
F-2779,Hospital,1,1,54.4,6,5.0,0,16.0,44.3,424.0,375,0,1
F-2780,Restaurant,4,4,66.8,1,9.0,1,22.7,85.2,346.0,95,1,1
F-2781,Hotel,3,6,85.4,8,4.0,2,,82.5,409.0,212,0,1
F-2782,Restaurant,1,9,47.9,1,3.0,1,23.1,85.6,541.0,287,2,1
F-2783,Restaurant,3,2,80.4,7,7.0,1,20.5,64.6,249.0,298,3,1
F-2784,Restaurant,3,2,57.8,6,7.0,0,23.0,55.9,145.0,88,2,0
F-2785,Hotel,2,3,74.4,8,1.0,2,22.7,64.3,222.0,224,1,1
F-2786,Restaurant,5,3,59.8,4,1.0,1,27.1,70.9,158.0,214,6,1
F-2787,School,5,11,59.8,2,2.0,0,26.9,52.2,1170.0,311,0,0
F-2788,Office,4,4,97.4,4,8.0,0,21.8,46.8,138.0,131,0,0
F-2789,Restaurant,2,10,44.6,8,3.0,3,23.8,56.6,281.0,306,0,0
F-2790,Hotel,4,0,78.7,10,10.0,3,25.1,50.7,70.0,248,0,0
F-2791,Restaurant,0,1,100.0,3,5.0,2,25.7,74.9,220.0,304,2,1
F-2792,Restaurant,3,9,82.3,4,10.0,1,30.6,52.6,164.0,350,2,1
F-2793,School,1,2,46.0,9,3.0,2,23.9,61.1,321.0,174,0,1
F-2794,Office,1,0,46.9,4,5.0,1,28.7,71.8,327.0,175,3,1
F-2795,Restaurant,5,7,56.5,3,2.0,2,19.4,75.4,540.0,319,2,1
F-2796,School,1,1,72.8,9,9.0,0,21.4,62.5,511.0,313,2,1
F-2797,Restaurant,5,0,74.1,5,6.0,3,15.5,64.6,191.0,351,1,1
F-2798,School,5,4,47.1,6,1.0,1,24.6,47.8,103.0,222,2,1
F-2799,School,5,6,54.3,5,8.0,2,26.6,72.3,112.0,256,1,0
F-2800,School,3,6,55.4,7,9.0,0,13.8,75.2,248.0,28,1,0
F-2801,School,7,7,66.7,3,7.0,1,24.8,37.6,224.0,184,2,0
F-2802,Restaurant,3,0,100.0,8,9.0,0,26.4,81.2,240.0,102,3,1
F-2803,School,2,3,53.2,4,3.0,0,26.2,51.6,138.0,342,1,1
F-2804,School,2,4,52.4,6,5.0,1,19.2,67.1,548.0,53,1,1
F-2805,School,4,3,49.6,2,9.0,3,27.1,60.9,71.0,312,2,1
F-2806,Restaurant,4,6,81.4,1,7.0,1,24.0,59.3,133.0,335,3,1
F-2807,Hospital,3,2,,6,,1,26.4,57.5,94.0,190,1,1
F-2808,Hospital,1,7,53.9,2,8.0,0,23.5,48.1,173.0,268,2,0
F-2809,Restaurant,5,11,63.5,10,,0,25.5,66.3,479.0,234,1,0
F-2810,Restaurant,1,7,55.8,10,2.0,1,28.4,56.6,164.0,277,5,1
F-2811,Hospital,4,4,75.3,4,3.0,0,23.2,44.3,215.0,275,2,1
F-2812,Hotel,3,5,,3,8.0,1,25.1,47.6,319.0,104,2,0
F-2813,Restaurant,1,7,79.9,6,3.0,1,29.0,44.5,158.0,276,0,1
F-2814,Hotel,2,8,68.3,3,7.0,1,23.5,53.7,262.0,361,3,1
F-2815,School,4,3,58.0,9,5.0,0,19.5,65.8,239.0,127,0,0
F-2816,Hotel,1,0,45.8,2,7.0,2,26.7,51.5,91.0,126,0,1
F-2817,Hospital,1,8,83.2,5,3.0,1,29.7,71.7,145.0,120,1,1
F-2818,Hospital,8,7,82.2,2,4.0,0,29.2,58.6,257.0,365,4,0
F-2819,School,2,1,61.6,9,7.0,1,26.9,56.5,492.0,355,0,1
F-2820,Office,2,7,91.8,2,2.0,2,14.6,60.2,491.0,142,2,0
F-2821,Hospital,2,0,70.4,5,4.0,2,21.5,76.7,869.0,375,1,1
F-2822,School,3,7,83.9,9,10.0,2,21.7,43.5,281.0,305,1,0
F-2823,School,0,8,75.3,5,2.0,2,24.2,79.9,150.0,163,1,1
F-2824,Hotel,4,0,66.8,2,6.0,3,30.8,71.5,192.0,330,1,1
F-2825,Restaurant,2,8,52.8,2,2.0,0,19.7,59.7,185.0,365,1,1
F-2826,School,1,1,67.4,7,8.0,1,33.0,74.2,151.0,348,0,1
F-2827,Hospital,6,3,85.2,2,2.0,2,22.5,56.1,262.0,190,2,1
F-2828,Office,2,8,60.9,4,6.0,0,20.9,63.4,271.0,90,1,0
F-2829,Hospital,5,4,77.9,7,5.0,2,27.4,53.5,88.0,71,1,0
F-2830,Hospital,4,11,50.5,4,7.0,0,27.7,71.6,429.0,331,1,0
F-2831,Office,5,11,84.0,9,1.0,0,26.6,51.5,55.0,294,0,0
F-2832,Hospital,0,11,75.6,7,,2,20.9,59.4,171.0,284,0,1
F-2833,Restaurant,3,1,48.4,2,6.0,2,26.0,,448.0,23,0,1
F-2834,Restaurant,3,2,66.0,9,3.0,0,19.9,72.6,306.0,386,1,0
F-2835,Restaurant,4,2,86.8,10,3.0,0,20.8,50.1,156.0,49,1,0
F-2836,Restaurant,5,7,47.3,3,8.0,0,23.6,69.0,795.0,234,1,0
F-2837,Hospital,4,5,50.7,4,6.0,3,20.7,48.2,147.0,376,1,1
F-2838,Hotel,3,8,68.7,4,6.0,3,,34.2,49.0,100,0,0
F-2839,Hotel,4,3,100.0,5,10.0,0,21.7,51.0,275.0,209,0,0
F-2840,Restaurant,1,2,57.9,5,5.0,2,23.1,70.0,58.0,336,1,1
F-2841,School,5,7,78.9,9,9.0,1,20.5,59.9,112.0,110,1,0
F-2842,Restaurant,2,7,74.7,7,10.0,1,28.2,53.6,310.0,45,1,0
F-2843,Office,2,8,59.4,9,,2,21.3,60.7,145.0,194,1,0
F-2844,Restaurant,3,3,,4,3.0,1,28.6,60.3,301.0,319,1,1
F-2845,School,2,6,61.9,6,5.0,1,28.3,67.5,89.0,233,0,1
F-2846,Restaurant,3,11,63.6,2,1.0,2,22.2,40.7,365.0,179,1,1
F-2847,School,3,7,,3,7.0,2,24.1,58.8,61.0,257,0,0
F-2848,Hospital,5,11,69.6,6,,1,22.1,61.5,504.0,25,3,0
F-2849,Hotel,3,5,,2,10.0,2,26.2,43.6,144.0,142,1,0
F-2850,Restaurant,4,0,71.0,10,7.0,2,23.2,43.5,585.0,351,2,0
F-2851,Office,2,9,89.6,3,5.0,3,22.3,55.6,111.0,158,2,1
F-2852,School,4,5,80.4,2,2.0,4,24.2,60.1,771.0,386,4,1
F-2853,Hotel,1,0,68.9,8,1.0,0,17.7,60.1,102.0,222,1,0
F-2854,Hotel,1,1,58.7,1,7.0,2,23.7,53.3,57.0,373,3,1
F-2855,Office,5,3,61.2,4,8.0,1,26.6,52.8,206.0,252,1,0
F-2856,Restaurant,2,2,,2,3.0,0,24.6,55.3,475.0,170,3,1
F-2857,Restaurant,0,8,65.2,7,1.0,1,27.8,63.6,348.0,368,1,1
F-2858,Restaurant,4,7,72.6,9,4.0,1,22.5,,452.0,111,2,0
F-2859,Restaurant,2,3,100.0,2,8.0,2,22.2,33.4,353.0,159,3,1
F-2860,School,5,1,79.5,5,6.0,2,19.5,67.5,113.0,290,0,0
F-2861,Office,3,0,54.4,5,1.0,0,22.4,58.7,343.0,350,0,0
F-2862,Office,3,11,44.1,7,2.0,1,31.9,66.3,214.0,81,0,1
F-2863,School,7,4,66.3,4,2.0,1,25.1,74.2,122.0,397,0,1
F-2864,School,5,1,84.6,6,8.0,1,21.7,50.9,227.0,175,4,0
F-2865,Office,2,8,66.0,6,,0,20.0,71.3,193.0,138,2,0
F-2866,Office,4,10,79.8,1,5.0,0,17.6,45.0,540.0,55,4,0
F-2867,Restaurant,3,1,66.7,6,7.0,1,20.7,61.5,140.0,15,1,1
F-2868,School,4,11,82.9,6,1.0,1,27.0,57.1,135.0,225,1,0
F-2869,Hotel,7,8,41.2,10,6.0,0,22.3,60.6,123.0,243,0,0
F-2870,Restaurant,4,3,98.9,6,3.0,2,20.2,48.1,756.0,42,0,1
F-2871,Hospital,4,9,50.0,9,9.0,0,20.6,65.2,128.0,361,5,0
F-2872,Office,7,5,84.3,4,,0,26.6,79.0,497.0,219,1,0
F-2873,Office,0,7,65.1,7,9.0,1,23.7,48.3,97.0,26,1,0
F-2874,Office,4,1,67.9,10,6.0,1,21.5,62.3,286.0,337,2,0
F-2875,Hotel,4,2,65.7,2,5.0,0,22.8,70.3,241.0,82,0,0
F-2876,Restaurant,4,9,74.6,6,10.0,1,32.8,,475.0,270,1,0
F-2877,Restaurant,3,9,78.2,10,10.0,1,28.9,76.3,429.0,272,2,0
F-2878,School,4,0,,6,5.0,1,29.9,54.8,212.0,325,2,1
F-2879,School,3,2,95.3,9,4.0,1,17.0,58.6,138.0,324,1,0
F-2880,School,5,7,76.0,5,7.0,0,23.4,48.1,625.0,394,2,0
F-2881,School,1,10,100.0,9,2.0,1,21.4,61.5,128.0,39,2,1
F-2882,Hospital,3,8,71.7,7,4.0,0,26.2,60.0,41.0,149,1,0
F-2883,Hotel,1,8,89.4,5,9.0,0,28.2,67.6,55.0,148,1,0
F-2884,Restaurant,2,4,77.7,3,9.0,1,25.3,52.4,65.0,153,1,1
F-2885,Restaurant,4,0,60.1,2,5.0,3,20.5,51.8,304.0,99,3,1
F-2886,Restaurant,0,9,73.3,3,4.0,3,21.4,65.5,944.0,97,2,1
F-2887,Restaurant,1,9,79.1,8,9.0,3,26.5,76.8,48.0,386,2,1
F-2888,Office,6,5,69.4,5,3.0,4,26.9,67.5,116.0,360,3,1
F-2889,Hospital,5,6,77.4,4,1.0,1,24.6,82.2,213.0,274,0,1
F-2890,Restaurant,6,2,85.6,5,1.0,1,24.5,66.7,591.0,224,3,1
F-2891,Hotel,1,5,69.6,4,2.0,0,24.2,66.2,115.0,192,2,1
F-2892,School,2,2,17.0,9,9.0,4,25.1,68.2,303.0,274,1,1
F-2893,Restaurant,4,5,100.0,4,1.0,0,26.9,77.9,168.0,345,3,0
F-2894,Restaurant,3,1,64.6,5,4.0,1,26.5,74.9,1243.0,173,2,1
F-2895,Restaurant,1,7,55.2,6,,1,24.1,47.0,222.0,217,0,1
F-2896,School,3,2,49.8,7,7.0,0,23.8,69.6,257.0,365,1,1
F-2897,Restaurant,4,8,63.9,4,9.0,2,23.7,63.2,213.0,364,0,1
F-2898,Restaurant,2,6,59.9,1,10.0,2,20.9,,150.0,95,0,0
F-2899,Restaurant,1,10,56.7,7,5.0,2,20.8,38.7,390.0,99,1,1
F-2900,School,2,2,57.7,6,3.0,1,26.2,41.5,89.0,85,2,1
F-2901,Restaurant,5,3,79.5,7,1.0,0,21.1,55.6,49.0,15,1,0
F-2902,Hotel,4,2,100.0,6,9.0,1,27.3,42.4,180.0,279,0,0
F-2903,Restaurant,3,7,84.8,6,4.0,1,23.8,55.9,355.0,174,3,1
F-2904,School,4,1,90.2,10,9.0,2,27.3,68.6,133.0,17,2,0
F-2905,Hospital,3,8,63.2,1,4.0,2,26.5,53.0,228.0,85,2,1
F-2906,Hospital,2,9,71.9,1,8.0,3,27.4,61.0,85.0,215,0,1
F-2907,Restaurant,0,8,77.7,10,7.0,2,22.1,47.2,422.0,335,2,1
F-2908,Hotel,5,1,58.1,9,8.0,3,25.6,63.6,316.0,266,2,1
F-2909,Office,1,5,62.3,5,7.0,2,27.0,66.1,203.0,215,4,1
F-2910,Restaurant,4,6,85.4,6,4.0,2,17.8,42.9,225.0,78,4,1
F-2911,Restaurant,3,4,89.6,5,2.0,1,30.8,51.0,76.0,119,0,0
F-2912,Office,1,5,71.2,10,1.0,1,33.1,44.8,78.0,313,0,0
F-2913,School,3,9,48.5,5,5.0,1,27.8,66.1,184.0,310,3,1
F-2914,Restaurant,2,10,64.7,8,9.0,2,27.2,62.0,287.0,347,1,0
F-2915,Restaurant,4,3,44.1,4,7.0,2,26.4,59.4,297.0,213,0,1
F-2916,School,3,3,71.4,4,7.0,4,22.7,58.5,155.0,112,0,0
F-2917,Hotel,3,2,74.6,7,3.0,0,23.6,63.9,338.0,203,3,1
F-2918,School,2,4,65.1,4,5.0,0,27.9,64.1,542.0,359,2,1
F-2919,Office,3,6,74.4,1,5.0,1,20.1,54.1,188.0,76,3,1
F-2920,Hospital,2,8,77.5,2,2.0,1,19.8,52.4,249.0,339,1,1
F-2921,Restaurant,7,3,74.6,9,7.0,0,22.4,59.3,173.0,398,0,0
F-2922,Hospital,1,2,48.4,4,4.0,1,26.6,57.7,183.0,328,0,1
F-2923,Hospital,1,0,65.4,2,5.0,0,20.5,84.7,226.0,265,1,1
F-2924,Restaurant,1,1,77.4,10,6.0,3,23.1,55.4,660.0,166,3,1
F-2925,Restaurant,5,0,98.4,10,1.0,1,23.6,63.5,380.0,342,0,0
F-2926,Hospital,4,2,65.1,5,10.0,1,20.0,65.6,357.0,68,1,0
F-2927,Hotel,4,8,79.9,7,3.0,1,14.2,76.8,146.0,305,1,0
F-2928,Restaurant,0,9,85.8,8,7.0,4,19.9,50.3,107.0,163,1,1
F-2929,Hospital,5,11,66.5,1,8.0,0,25.0,76.1,263.0,203,1,1
F-2930,School,3,6,90.7,3,,0,25.9,58.2,478.0,187,3,0
F-2931,School,2,5,91.6,6,,2,26.0,90.0,669.0,8,0,1
F-2932,Hotel,4,10,94.8,6,5.0,1,26.4,64.4,36.0,394,1,0
F-2933,Hotel,3,1,78.3,4,9.0,1,21.5,45.3,1110.0,268,1,0
F-2934,Hotel,4,7,100.0,1,7.0,0,20.6,57.6,268.0,242,3,0
F-2935,Restaurant,2,9,58.9,10,5.0,0,25.5,76.0,379.0,44,3,0
F-2936,Hospital,8,6,100.0,7,9.0,1,23.2,61.0,59.0,312,2,0
F-2937,School,2,3,83.8,8,5.0,1,27.6,59.3,170.0,384,1,0
F-2938,Restaurant,3,7,94.1,5,9.0,1,25.5,68.6,356.0,326,3,1
F-2939,Restaurant,2,11,64.2,6,8.0,1,29.1,55.9,88.0,103,1,0
F-2940,Restaurant,0,2,85.2,5,2.0,0,22.1,57.5,27.0,76,1,1
F-2941,Hospital,3,6,95.7,5,4.0,3,28.3,48.7,253.0,150,1,0
F-2942,Hospital,3,0,50.4,7,1.0,0,32.1,80.7,193.0,13,2,1
F-2943,Restaurant,3,2,67.1,10,3.0,0,24.2,45.3,549.0,222,0,0
F-2944,Hotel,1,9,,8,1.0,0,26.0,62.0,179.0,186,1,1
F-2945,Office,1,5,66.8,7,2.0,1,20.3,65.8,189.0,203,1,1
F-2946,Restaurant,3,2,55.3,1,1.0,0,27.6,,326.0,396,3,1
F-2947,Office,8,4,66.1,6,7.0,0,28.5,45.0,413.0,263,1,0
F-2948,Restaurant,2,1,100.0,10,5.0,0,22.0,48.0,122.0,169,3,0
F-2949,Office,1,9,100.0,4,5.0,1,26.3,66.3,388.0,314,4,1
F-2950,Office,6,11,44.1,6,8.0,1,25.1,50.6,139.0,151,2,0
F-2951,Restaurant,3,1,80.0,4,9.0,2,25.6,35.1,203.0,304,2,1
F-2952,Hotel,3,2,,2,6.0,0,27.2,64.6,320.0,373,2,1
F-2953,Office,1,10,63.9,8,5.0,2,26.1,49.5,362.0,363,2,1
F-2954,Office,3,10,73.2,4,7.0,0,23.4,67.6,250.0,209,1,0
F-2955,Office,7,9,75.0,6,5.0,0,27.3,57.6,94.0,190,2,0
F-2956,School,3,8,45.8,6,5.0,0,28.4,57.0,54.0,162,2,0
F-2957,Restaurant,0,10,51.4,9,3.0,2,21.8,60.6,176.0,215,6,1
F-2958,Hotel,4,4,73.1,10,2.0,0,24.0,46.3,395.0,374,0,0
F-2959,School,2,10,71.8,6,2.0,0,16.9,50.1,274.0,350,1,1
F-2960,School,4,10,57.2,1,7.0,0,26.3,56.9,237.0,244,0,0
F-2961,Hospital,2,2,55.7,6,9.0,1,28.9,46.3,199.0,116,1,0
F-2962,School,5,0,68.4,9,5.0,6,23.0,68.6,249.0,153,2,1
F-2963,Restaurant,3,6,86.0,5,1.0,0,24.5,56.3,100.0,102,3,1
F-2964,Hotel,3,9,68.6,6,7.0,0,23.1,42.6,346.0,78,1,0
F-2965,Restaurant,3,10,99.2,8,10.0,2,22.5,,362.0,8,1,1
F-2966,Hotel,2,1,57.5,5,6.0,3,24.9,61.2,156.0,310,0,1
F-2967,Hotel,1,4,73.5,5,1.0,0,20.9,54.6,272.0,296,2,1
F-2968,Hospital,0,9,63.6,5,1.0,1,,64.8,60.0,75,2,1
F-2969,School,2,0,80.6,9,6.0,1,20.4,66.9,227.0,276,4,1
F-2970,Restaurant,1,8,55.9,5,9.0,0,26.4,88.8,183.0,70,2,1
F-2971,Office,1,3,100.0,4,,1,25.0,,484.0,114,3,0
F-2972,Hotel,5,0,39.6,6,8.0,2,85.0,40.4,174.0,107,2,1
F-2973,Hospital,1,2,100.0,7,8.0,1,24.1,55.7,368.0,56,1,0
F-2974,Restaurant,4,8,71.6,10,,0,23.1,56.8,152.0,292,3,1
F-2975,Restaurant,2,10,79.9,9,3.0,4,28.6,66.9,40.0,21,1,1
F-2976,Hospital,0,0,94.0,8,1.0,1,22.2,48.8,171.0,165,2,1
F-2977,Office,6,5,85.4,8,6.0,5,26.5,53.6,230.0,197,2,0
F-2978,Hotel,0,2,56.9,5,,2,21.2,45.1,223.0,232,1,1
F-2979,Restaurant,5,8,80.8,4,10.0,2,27.3,52.8,225.0,81,1,0
F-2980,Office,3,9,100.0,6,1.0,2,28.1,53.2,141.0,191,1,0
F-2981,Hospital,4,11,54.0,8,7.0,0,28.3,56.2,160.0,318,2,0
F-2982,Office,1,4,100.0,6,8.0,1,29.9,45.8,91.0,152,1,0
F-2983,Restaurant,4,3,76.9,3,2.0,1,25.2,71.8,50.0,380,3,1
F-2984,School,1,3,62.2,1,3.0,0,29.0,65.7,186.0,174,2,1
F-2985,Office,3,9,53.9,1,8.0,0,30.5,42.6,119.0,311,2,0
F-2986,Restaurant,1,5,66.0,5,1.0,4,19.5,60.3,427.0,50,2,1
F-2987,School,4,0,34.8,8,5.0,0,21.6,41.2,43.0,341,2,0
F-2988,Office,1,11,62.5,8,3.0,0,18.0,76.1,246.0,194,0,0
F-2989,Restaurant,2,1,65.3,9,1.0,1,28.2,79.4,885.0,396,0,1
F-2990,Restaurant,0,11,50.7,8,5.0,3,,59.3,176.0,281,3,1
F-2991,School,3,1,83.5,1,5.0,3,16.9,49.8,200.0,297,0,1
F-2992,Restaurant,3,6,66.1,9,,1,19.6,52.0,270.0,63,0,0
F-2993,Restaurant,3,3,58.6,10,9.0,3,17.0,54.6,285.0,229,1,0
F-2994,Hospital,2,8,64.1,9,1.0,2,25.1,58.7,151.0,296,0,1
F-2995,Hotel,3,4,76.4,5,5.0,0,19.7,76.4,99.0,324,2,0
F-2996,Restaurant,2,4,71.3,3,2.0,2,17.2,71.5,316.0,153,5,1
F-2997,Restaurant,3,5,57.4,10,8.0,1,23.8,71.7,53.0,227,1,0
F-2998,Hotel,7,11,72.3,2,6.0,1,24.1,62.0,359.0,73,3,0
F-2999,School,3,2,69.1,8,8.0,1,16.5,46.2,152.0,175,2,0
